ARTICLE TONE,Tonality Description,Use Case
Informative,"Neutral, objective, and fact-based. Clear and concise information.","Educational content, informational articles, how-to guides."
Conversational,"Friendly, approachable, and engaging. Mimics natural speech.","Blogs, listicles, FAQs, customer-centric content."
Authoritative,"Confident, expert, and assertive. Demonstrates expertise and reliability.","Thought leadership, ultimate guides, professional reviews."
Persuasive,"Encouraging and motivational, aimed at convincing the reader to take action.","Service articles, product comparisons, call-to-action focused content."
Empathetic,"Compassionate and understanding, addressing the reader's emotions.","Customer support content, problem-solving articles, wellness topics."
Humorous,"Light-hearted and entertaining, using humor to engage.","Blogs, social media posts, lifestyle articles."
Inspirational,"Uplifting and motivational, encouraging achievement or aspiration.","Success stories, personal development articles, case studies."
Formal,"Professional and polished, adhering to traditional standards.","Business reports, academic articles, corporate communications."
Analytical,"Detailed, logical, and data-driven, focusing on analysis and exploration.","Research papers, whitepapers, technical guides."
Casual,"Relaxed and informal, often using colloquial language.","Lifestyle blogs, opinion pieces, content aimed at younger audiences."
Urgent,"Time-sensitive and action-oriented, creating a sense of immediacy.","Sales promotions, limited-time offers, crisis communication."
Optimistic,"Positive and hopeful, focusing on benefits or potential.","Future trends, innovation pieces, solution-oriented content."