Main Topic 1,Subtopic 2,Subtopic 3,Subtopic 4 / Individual Page,Keyword,Search Volume,Tiêu đề,Đối tượng,Google Doc,Đánh giá
Đầu tư,Cho người mới,Cách đầu tư,cách chơi chứng khoán trên điện thoại,cách chơi chứng khoán trên điện thoại,,,,,
Đầu tư,Cho người mới,Cách đầu tư,cách đầu tư chứng chỉ quỹ,cách đầu tư chứng chỉ quỹ,,Cách đầu tư chứng chỉ quỹ hiệu quả cho người mới,"Sinh viên, Nhân viên văn phòng",https://docs.google.com/document/d/1X2y9U0-ewpFyZ2LmqD1Zv8zrd_O0LA0o2WEZi5KP61k/edit?tab=t.0,Đạt
Đầu tư,Cho người mới,Cách đầu tư,cách đầu tư chứng khoán,cách đầu tư chứng khoán,,Cách đầu tư chứng khoán cho người mới,"Sinh viên, Nhân viên văn phòng",https://docs.google.com/document/d/18XFLIbDvY9-1_92WKDiG2TF6E_adwx8V-zBwALcbnnc/edit?tab=t.0,Đạt
Đầu tư,Cho người mới,Cách đầu tư,cách đầu tư chứng khoán phái sinh,Cách đầu tư chứng khoán phái sinh,,Cách đầu tư chứng khoán phái sinh cho người mới,"Sinh viên, Nhân viên văn phòng",https://docs.google.com/document/d/13KsffiHTG1UyAqArIjEO6mCvDpPYI-NQ7wZP5x1GXAY/edit?tab=t.0,Đạt
Đầu tư,Cho người mới,Cách đầu tư,cách đầu tư chứng khoán với số vốn nhỏ,Cách đầu tư chứng khoán với số vốn nhỏ,,Cách đầu tư chứng khoán với số vốn nhỏ cho người mới,"Sinh viên, Nhân viên văn phòng",https://docs.google.com/document/d/1sKAva5y32WLE8m2zsNzuLCBqihLs4J6uNJpf2chw4dM/edit?tab=t.0,Đạt
Đầu tư,Cho người mới,Cách đầu tư,cách mua cổ phiếu,cách mua cổ phiếu,,Cách mua cổ phiếu online cho người mới bắt đầu,"Sinh viên, Nhân viên văn phòng",https://docs.google.com/document/d/158_3V9Z_Zn7B9tJ7DMP1q-CSvGZzEj9JCaDQ1xOapX0/edit?tab=t.0,Đạt
Đầu tư,Cho người mới,Cách mua cổ phiếu,Cách mua cổ phiếu mb bank,Cách mua cổ phiếu mb bank,,,Nhân viên văn phòng,,
Đầu tư,Cho người mới,Cách mua cổ phiếu,Cách mua cổ phiếu VCB,Cách mua cổ phiếu VCB,,,Nhân viên văn phòng,,
Đầu tư,Cho người mới,Cách mua cổ phiếu,cách mua cổ phiếu fpt,cách mua cổ phiếu fpt,,,Nhân viên văn phòng,,
Đầu tư,Cho người mới,Cách mua cổ phiếu,Cách mua cổ phiếu Vinamilk,Cách mua cổ phiếu Vinamilk,,,Nhân viên văn phòng,,
Đầu tư,Cho người mới,Cách mua cổ phiếu,cách mua cổ phiếu hòa phát,cách mua cổ phiếu hòa phát,,,Nhân viên văn phòng,,
Đầu tư,Cho người mới,Cách mua cổ phiếu,cách mua cổ phiếu techcombank,cách mua cổ phiếu techcombank,,,Nhân viên văn phòng,,
Đầu tư,Cho người mới,Cách mua cổ phiếu,Cách mua cổ phiếu FLC ,Cách mua cổ phiếu FLC ,,,Nhân viên văn phòng,,
Đầu tư,Cho người mới,Cách mua cổ phiếu,cách mua cổ phiếu vingroup,cách mua cổ phiếu vingroup,,,Nhân viên văn phòng,,
Đầu tư,Cho người mới,Cách mua cổ phiếu,Cách mua cổ phiếu ACB,Cách mua cổ phiếu ACB,,,Nhân viên văn phòng,,
Đầu tư,Cho người mới,Cách mua cổ phiếu,cách mua cổ phiếu MWG,cách mua cổ phiếu MWG,,,Nhân viên văn phòng,,
Đầu tư,Cho người mới,Cách mua cổ phiếu, cách mua cổ phiếu VFS, cách mua cổ phiếu VFS,,,Nhân viên văn phòng,,
Đầu tư,Cho người mới,Cách mua cổ phiếu,Cách mua cổ phiếu trên sàn HOSE,Cách mua cổ phiếu trên sàn HOSE,,,Nhân viên văn phòng,,
Đầu tư,Cho người mới,Cách mua cổ phiếu,Cách Mua Cổ Phiếu SSI,Cách Mua Cổ Phiếu SSI,,,Nhân viên văn phòng,,
Đầu tư,Cho người mới,Cách mua cổ phiếu,Cách mua cổ phiếu IPO,Cách mua cổ phiếu IPO,,,Nhân viên văn phòng,,
Đầu tư,Cho người mới,Cách mua cổ phiếu,cách mua cổ phiếu pvd,cách mua cổ phiếu pvd,,,Nhân viên văn phòng,,
Đầu tư,Cho người mới,Cách mua cổ phiếu,cách mua cổ phiếu bvh,cách mua cổ phiếu bvh,,,Nhân viên văn phòng,,
Đầu tư,Cho người mới,Cách mua cổ phiếu,cách mua cổ phiếu bcm,cách mua cổ phiếu bcm,,,Nhân viên văn phòng,,
Đầu tư,Cho người mới,Cách mua cổ phiếu,cách mua cổ phiếu nvl,cách mua cổ phiếu nvl,,,Nhân viên văn phòng,,
Đầu tư,Cho người mới,Cách mua cổ phiếu,cách mua cổ phiếu pdr,cách mua cổ phiếu pdr,,,Nhân viên văn phòng,,
Đầu tư,Cho người mới,Cách mua cổ phiếu,cách mua cổ phiếu vhm,cách mua cổ phiếu vhm,,,Nhân viên văn phòng,,
Đầu tư,Cho người mới,Cách mua cổ phiếu,Cách mua cổ phiếu VRE,Cách mua cổ phiếu VRE,,,Nhân viên văn phòng,,
Đầu tư,Cho người mới,Cách mua cổ phiếu,Cách mua cổ phiếu GAS,Cách mua cổ phiếu GAS,,,Nhân viên văn phòng,,
Đầu tư,Cho người mới,Cách mua cổ phiếu,Cách mua cổ phiếu POW,Cách mua cổ phiếu POW,,,Nhân viên văn phòng,,
Đầu tư,Cho người mới,Cách mua cổ phiếu,Cách mua cổ phiếu VJC,Cách mua cổ phiếu VJC,,,Nhân viên văn phòng,,
Đầu tư,Cho người mới,Cách mua cổ phiếu,Cách mua cổ phiếu GVR,Cách mua cổ phiếu GVR,,,Nhân viên văn phòng,,
Đầu tư,Cho người mới,Cách mua cổ phiếu,Cách mua cổ phiếu BID,Cách mua cổ phiếu BID,,,Nhân viên văn phòng,,
Đầu tư,Cho người mới,Cách mua cổ phiếu,Cách mua cổ phiếu CTG,Cách mua cổ phiếu CTG,,,Nhân viên văn phòng,,
Đầu tư,Cho người mới,Cách mua cổ phiếu,Cách mua cổ phiếu HDB,Cách mua cổ phiếu HDB,,,Nhân viên văn phòng,,
Đầu tư,Cho người mới,Cách mua cổ phiếu,Cách mua cổ phiếu SHB,Cách mua cổ phiếu SHB,,,Nhân viên văn phòng,,
Đầu tư,Cho người mới,Cách mua cổ phiếu,Cách mua cổ phiếu STB,Cách mua cổ phiếu STB,,,Nhân viên văn phòng,,
Đầu tư,Cho người mới,Cách mua cổ phiếu,Cách mua cổ phiếu TPB,Cách mua cổ phiếu TPB,,,Nhân viên văn phòng,,
Đầu tư,Cho người mới,Cách mua cổ phiếu,Cách mua cổ phiếu VIB,Cách mua cổ phiếu VIB,,,Nhân viên văn phòng,,
Đầu tư,Cho người mới,Cách mua cổ phiếu,Cách mua cổ phiếu MSN,Cách mua cổ phiếu MSN,,,Nhân viên văn phòng,,
Đầu tư,Cho người mới,Cách mua cổ phiếu,Cách mua cổ phiếu SAB,Cách mua cổ phiếu SAB,,,Nhân viên văn phòng,,
Đầu tư,Cho người mới,Chỉ số chứng khoán,chỉ số nikkei là gì,chỉ số nikkei là gì,,,,,
Đầu tư,Cho người mới,Chỉ số chứng khoán,Chỉ số DAX là gì,Chỉ số DAX là gì,,,,,
Đầu tư,Cho người mới,Chỉ số chứng khoán,chỉ số dow jones,chỉ số dow jones,,,,,
Đầu tư,Cho người mới,Chỉ số chứng khoán,chỉ số nasdaq là gì,chỉ số nasdaq là gì,,,,,
Đầu tư,Cho người mới,Chỉ số chứng khoán,Chỉ số msci là gì,Chỉ số msci là gì,,,,,
Đầu tư,Cho người mới,Chỉ số chứng khoán,Chỉ số DXY là gì,Chỉ số DXY là gì,,,,,
Đầu tư,Cho người mới,Chỉ số chứng khoán,Chỉ số VN-Index là gì,Chỉ số VN-Index là gì,,,,,
Đầu tư,Cho người mới,Chỉ số chứng khoán,Chỉ số VN30-Index là gì,Chỉ số VN30-Index là gì,,,,,
Đầu tư,Cho người mới,Chỉ số chứng khoán,Chỉ số HNX Index,Chỉ số HNX Index,,,,,
Đầu tư,Cho người mới,Chỉ số chứng khoán,các chỉ số chứng khoán việt nam,các chỉ số chứng khoán việt nam,,Các chỉ số chứng khoán Việt Nam phổ biến cho người mới,"Sinh viên, Nhân viên văn phòng",https://docs.google.com/document/d/1HmJ-KCWNQNyHGnWRfdQYAylHv7thVeb0_KLfvA2b3yQ/edit?tab=t.0,Đạt
Đầu tư,Cho người mới,Chỉ số chứng khoán,chỉ số chứng khoán châu Á,chỉ số chứng khoán châu Á,,,,https://docs.google.com/document/d/1zos71V-5iVKggAcjbe1ZZD3cCL1qz1bvNqAm46Sxz5Y/edit?tab=t.0,Đạt
Đầu tư,Cho người mới,Chỉ số chứng khoán,chỉ số chứng khoán thế giới,chỉ số chứng khoán thế giới,,,,https://docs.google.com/document/d/1f3j4kC3dejD2XIGXCpx5oeOCArkZXzmMMXrcvekxEf0/edit?tab=t.0,Đạt
Đầu tư,Cho người mới,Chỉ số chứng khoán,chỉ số hang seng là gì,chỉ số hang seng là gì,,,,,
Đầu tư,Cho người mới,chứng chỉ,chứng chỉ cfa,chứng chỉ cfa,,,Sinh viên,,
Đầu tư,Cho người mới,chứng chỉ,chứng chỉ cmt,chứng chỉ cmt,,,Sinh viên,,
Đầu tư,Cho người mới,chứng chỉ,chứng chỉ cpa,chứng chỉ cpa,,,Sinh viên,,
Đầu tư,Cho người mới,chứng chỉ,chứng chỉ hành nghề chứng khoán,chứng chỉ hành nghề chứng khoán,,,Sinh viên,,
Đầu tư,Cho người mới,chứng chỉ,chứng chỉ tài chính,chứng chỉ tài chính,,,Sinh viên,,
Đầu tư,Chứng chỉ quỹ,Chứng chỉ quỹ,chứng chỉ quỹ tốt nhất hiện nay,chứng chỉ quỹ tốt nhất hiện nay,,,,https://docs.google.com/document/d/1LbEL3Dt86pGVriH3kLvvAPTy7v_0XvSJCqoo-7R5z44/edit?tab=t.0#heading=h.p5ifpg4ylnz4,
Đầu tư,Chứng chỉ quỹ,Chứng chỉ quỹ,chứng chỉ quỹ là gì,chứng chỉ quỹ là gì,,,,https://docs.google.com/document/d/1SkQFvP51HFCPABDCUVkSd_k8g67OSw4qlnXT51YrDbc/edit?tab=t.0#heading=h.pf2gaeltzyn9,
Đầu tư,Cho người mới,Chứng chỉ quỹ,Quỹ mở là gì,Quỹ mở là gì,,,,,
Đầu tư,Cho người mới,Chứng chỉ quỹ,Nên đầu tư quỹ mở hay quỹ etf,Nên đầu tư quỹ mở hay quỹ etf,,,,https://docs.google.com/document/d/1scm8LogXwszmxKldos3mabxZZWa6iw1ZodvgpBbI-1o/edit?tab=t.0,
Đầu tư,Cho người mới,Chứng chỉ quỹ,đầu tư etf,đầu tư etf,,,,https://docs.google.com/document/d/1dlFsl2feeYAvps-dwCsKFJownTRSA53IHbqU-fYnoos/edit?tab=t.0,
Đầu tư,Cho người mới,Chứng chỉ quỹ,quỹ etf tại việt nam,quỹ etf tại việt nam,,,,https://docs.google.com/document/d/1LYFG0TweBWwSihE8GAGYEPbS25jtENg6LhbgVe8bdXg/edit?tab=t.0,
Đầu tư,Cho người mới,Chứng chỉ quỹ,etf là gì,etf là gì,,,,,
Đầu tư,Cho người mới,Chứng chỉ quỹ,quy trình hoán đổi danh mục ETF,quy trình hoán đổi danh mục ETF,,,,,
Đầu tư,Cho người mới,Chứng chỉ quỹ,Nên đầu tư quỹ ETF nào,Nên đầu tư quỹ ETF nào,,,,,
Đầu tư,Cho người mới,Chứng chỉ quỹ,Phân biệt quỹ ETF và quỹ tương hỗ,Phân biệt quỹ ETF và quỹ tương hỗ,,,,,
Đầu tư,Cho người mới,chứng khoán,so sánh forex và chứng khoán,so sánh forex và chứng khoán,,,,,
Đầu tư,Cho người mới,chứng khoán,app theo dõi chứng khoán,app theo dõi chứng khoán,,,,,
Đầu tư,Cho người mới,chứng khoán,app đầu tư chứng khoán,app đầu tư chứng khoán,,,,,
Đầu tư,Cho người mới,chứng khoán,quản lý danh mục đầu tư chứng khoán,quản lý danh mục đầu tư chứng khoán,,,,,
Đầu tư,Cho người mới,chứng khoán,Call margin là gì,Call margin là gì,,,,,
Đầu tư,Cho người mới,chứng khoán,cắt margin là gì,cắt margin là gì,,,,,
Đầu tư,Cho người mới,chứng khoán,Margin là gì,Margin là gì,,,,,
Đầu tư,Cho người mới,chứng khoán,full margin là gì,full margin là gì,,,,,
Đầu tư,Cho người mới,chứng khoán,bán khống là gì,bán khống là gì,,,,,
Đầu tư,Cho người mới,chứng khoán,sàn giao dịch chứng khoán là gì,sàn giao dịch chứng khoán là gì,,,,,
Đầu tư,Cho người mới,chứng khoán,Trading là gì,Trading là gì,,,,,
Đầu tư,Cho người mới,chứng khoán,dư mua dư bán là gì,dư mua dư bán là gì,,,,,
Đầu tư,Cho người mới,chứng khoán,Các màu trong chứng khoán,Các màu trong chứng khoán,,,,,
Đầu tư,Cho người mới,chứng khoán,dca là gì,dca là gì,,,,,
Đầu tư,Cho người mới,chứng khoán,điểm trong chứng khoán là gì,điểm trong chứng khoán là gì,,,,,
Đầu tư,Cho người mới,chứng khoán,nyse là gì,nyse là gì,,,,,
Đầu tư,Cho người mới,chứng khoán,lệnh mtl là gì,lệnh mtl là gì,,,,,
Đầu tư,Cho người mới,chứng khoán,Ứng trước tiền bán chứng khoán là gì,Ứng trước tiền bán chứng khoán là gì,,,,,
Đầu tư,Cho người mới,chứng khoán,sec là gì,sec là gì,,,,,
Đầu tư,Cho người mới,chứng khoán,diễn đàn chứng khoán,diễn đàn chứng khoán,,,,,
Đầu tư,Cho người mới,chứng khoán,khối ngoại chứng khoán là gì,khối ngoại chứng khoán là gì,,,,,
Đầu tư,Cho người mới,chứng khoán,giờ giao dịch chứng khoán,giờ giao dịch chứng khoán,,,,,
Đầu tư,Cho người mới,chứng khoán,Có nên đầu tư chứng khoán không,Có nên đầu tư chứng khoán không,,,,,
Đầu tư,Cho người mới,chứng khoán,giá trần giá sàn,giá trần giá sàn,,,,,
Đầu tư,Cho người mới,chứng khoán,môi giới chứng khoán là gì,môi giới chứng khoán là gì,,,,,
Đầu tư,Cho người mới,chứng khoán,So sánh kênh đầu tư vàng và đầu tư chứng khoán,So sánh kênh đầu tư vàng và đầu tư chứng khoán,,,,,
Đầu tư,Cho người mới,chứng khoán,kinh nghiệm chơi chứng khoán,kinh nghiệm chơi chứng khoán,,,,,
Đầu tư,Cho người mới,chứng khoán,chơi chứng khoán có giàu không,chơi chứng khoán có giàu không,,,,,
Đầu tư,Cho người mới,chứng khoán,đòn bẩy tài chính trong đầu tư chứng khoán,đòn bẩy tài chính trong đầu tư chứng khoán,,,,,
Đầu tư,Cho người mới,chứng khoán,Tư vấn chứng khoán là gì,Tư vấn chứng khoán là gì,,,,,
Đầu tư,Cho người mới,chứng khoán,người giàu nhất sàn chứng khoán việt nam,người giàu nhất sàn chứng khoán việt nam,,,,,
Đầu tư,Cho người mới,chứng khoán,ipo là gì,ipo là gì,,,,,
Đầu tư,Cho người mới,chứng khoán,Nhà đầu tư chứng khoán chuyên nghiệp là gì,Nhà đầu tư chứng khoán chuyên nghiệp là gì,,,,,
Đầu tư,Cho người mới,chứng khoán,Sàn OTC là gì,Sàn OTC là gì,,,,,
Đầu tư,Cho người mới,chứng khoán,nav là gì,nav là gì,,,,,
Đầu tư,Cho người mới,chứng khoán,tự doanh chứng khoán là gì,tự doanh chứng khoán là gì,,,,,
Đầu tư,Cho người mới,chứng khoán,thao túng chứng khoán là gì,thao túng chứng khoán là gì,,,,,
Đầu tư,Cho người mới,chứng khoán,target trong chứng khoán là gì,target trong chứng khoán là gì,,,,,
Đầu tư,Cho người mới,chứng khoán,Đội lái chứng khoán là gì,Đội lái chứng khoán là gì,,,,,
Đầu tư,Cho người mới,chứng khoán,Dòng tiền trong chứng khoán,Dòng tiền trong chứng khoán,,,,,
Đầu tư,Cho người mới,chứng khoán,hệ số beta là gì,hệ số beta là gì,,,,,
Đầu tư,Cho người mới,chứng khoán,giao dịch chứng khoán là gì,giao dịch chứng khoán là gì,,,,,
Đầu tư,Cho người mới,chứng khoán,bullish là gì,bullish là gì,,,,,
Đầu tư,Cho người mới,chứng khoán,uỷ thác đầu tư chứng khoán,uỷ thác đầu tư chứng khoán,,,,,
Đầu tư,Cho người mới,chứng khoán,Vốn hóa thị trường là gì,Vốn hóa thị trường là gì,,,,,
Đầu tư,Cho người mới,chứng khoán,Đầu cơ chứng khoán là gì,Đầu cơ chứng khoán là gì,,,,,
Đầu tư,Cho người mới,chứng khoán,giao dịch nội gián,giao dịch nội gián,,,,,
Đầu tư,Cho người mới,chứng khoán,Sell in may and go away là gì,Sell in may and go away là gì,,,,,
Đầu tư,Cho người mới,chứng khoán,Lợi nhuận trong đầu tư chứng khoán,Lợi nhuận trong đầu tư chứng khoán,,,,,
Đầu tư,Cho người mới,chứng khoán,ce là gì,ce là gì,,,,,
Đầu tư,Cho người mới,chứng khoán,Đầu tư chứng khoán cần bao nhiêu tiền,Đầu tư chứng khoán cần bao nhiêu tiền,,,,,
Đầu tư,Cho người mới,chứng khoán,biên độ giao dịch chứng khoán,biên độ giao dịch chứng khoán,,,,,
Đầu tư,Cho người mới,chứng khoán,quy định giao dịch chứng khoán,quy định giao dịch chứng khoán,,,,,
Đầu tư,Cho người mới,chứng khoán,Lưu ký chứng khoán,Lưu ký chứng khoán,,,,,
Đầu tư,Cho người mới,chứng khoán,thị trường sơ cấp,thị trường sơ cấp,,,,,
Đầu tư,Cho người mới,chứng khoán,Cắt lỗ là gì,Cắt lỗ là gì,,,,,
Đầu tư,Cho người mới,chứng khoán,Thị trường phân hóa,Thị trường phân hóa,,,,,
Đầu tư,Cho người mới,chứng khoán,Các sai lầm dẫn tới phá sản trong đầu tư chứng khoán,Các sai lầm dẫn tới phá sản trong đầu tư chứng khoán,,,,,
Đầu tư,Cho người mới,chứng khoán,chiến lược giao dịch,chiến lược giao dịch,,,,,
Đầu tư,Cho người mới,chứng khoán,phân bổ tài sản,phân bổ tài sản,,,,,
Đầu tư,Cho người mới,chứng khoán,các loại lệnh trong chứng khoán,các loại lệnh trong chứng khoán,,,,,
Đầu tư,Cho người mới,chứng khoán,IMF là gì,IMF là gì,,,,,
Đầu tư,Cho người mới,chứng khoán,các thuật ngữ chứng khoán,các thuật ngữ chứng khoán,,,"Sinh viên, Nhân viên văn phòng",,
Đầu tư,Cho người mới,chứng khoán,chứng khoán là gì,Chứng khoán là gì,,,,https://docs.google.com/document/d/1lzcTFOtJEgjO10XvR3OwwJcWOEwsPN2XfH8d9qvOUlw/edit?tab=t.0,Đạt
Đầu tư,Cho người mới,chứng khoán,tâm lý đầu tư chứng khoán,tâm lý đầu tư chứng khoán,,,,https://docs.google.com/document/d/1_zP7wHZLmqs2sT0sIpDKVXYy5CP7oDdLrmH0cU0fQFM/edit?tab=t.0,Đạt
Đầu tư,Cho người mới,chứng khoán,biên độ giao động giá,biên độ giao động giá,,,,,
Đầu tư,Cho người mới,Có nên mua cổ phiếu,Có nên mua cổ phiếu POW,Có nên mua cổ phiếu POW,,,,,
Đầu tư,Cho người mới,Có nên mua cổ phiếu,Có nên mua cổ phiếu HPG,Có nên mua cổ phiếu HPG,,,,,
Đầu tư,Cho người mới,Có nên mua cổ phiếu,Có nên mua cổ phiếu PLX,Có nên mua cổ phiếu PLX,,,,,
Đầu tư,Cho người mới,Có nên mua cổ phiếu,có nên mua cổ phiếu dig,có nên mua cổ phiếu dig,,,,,
Đầu tư,Cho người mới,Có nên mua cổ phiếu,Có nên mua cổ phiếu HAG,Có nên mua cổ phiếu HAG,,,,,
Đầu tư,Cho người mới,Có nên mua cổ phiếu,Có nên mua cổ phiếu TCB,Có nên mua cổ phiếu TCB,,,,,
Đầu tư,Cho người mới,Có nên mua cổ phiếu,Có nên mua cổ phiếu SCR,Có nên mua cổ phiếu SCR,,,,,
Đầu tư,Cho người mới,Có nên mua cổ phiếu,Có nên mua cổ phiếu GAS,Có nên mua cổ phiếu GAS,,,,,
Đầu tư,Cho người mới,Có nên mua cổ phiếu,Có nên mua cổ phiếu PET,Có nên mua cổ phiếu PET,,,,,
Đầu tư,Cho người mới,Có nên mua cổ phiếu,Có nên mua cổ phiếu PNJ,Có nên mua cổ phiếu PNJ,,,,,
Đầu tư,Cho người mới,Có nên mua cổ phiếu,Có nên mua cổ phiếu SSI,Có nên mua cổ phiếu SSI,,,,,
Đầu tư,Cho người mới,Có nên mua cổ phiếu,Có nên mua cổ phiếu VPB,Có nên mua cổ phiếu VPB,,,,,
Đầu tư,Cho người mới,Có nên mua cổ phiếu,Có nên mua cổ phiếu ACB,Có nên mua cổ phiếu ACB,,,,,
Đầu tư,Cho người mới,Có nên mua cổ phiếu,Có nên mua cổ phiếu VJC,Có nên mua cổ phiếu VJC,,,,,
Đầu tư,Cho người mới,Có nên mua cổ phiếu,Có nên mua cổ phiếu TTF,Có nên mua cổ phiếu TTF,,,,,
Đầu tư,Cho người mới,Có nên mua cổ phiếu,Có nên mua cổ phiếu LPB,Có nên mua cổ phiếu LPB,,,,,
Đầu tư,Cho người mới,Có nên mua cổ phiếu,Có nên mua cổ phiếu BID,Có nên mua cổ phiếu BID,,,,,
Đầu tư,Cho người mới,Có nên mua cổ phiếu,Có nên mua cổ phiếu VIB,Có nên mua cổ phiếu VIB,,,,,
Đầu tư,Cho người mới,Có nên mua cổ phiếu,Có nên mua cổ phiếu MSB,Có nên mua cổ phiếu MSB,,,,,
Đầu tư,Cho người mới,Có nên mua cổ phiếu,Có nên mua cổ phiếu ACV,Có nên mua cổ phiếu ACV,,,,,
Đầu tư,Cho người mới,Có nên mua cổ phiếu,Có nên mua cổ phiếu IDJ,Có nên mua cổ phiếu IDJ,,,,,
Đầu tư,Cho người mới,Có nên mua cổ phiếu,Có nên mua cổ phiếu HVN,Có nên mua cổ phiếu HVN,,,,,
Đầu tư,Cho người mới,Có nên mua cổ phiếu,Có nên mua cổ phiếu VCB,Có nên mua cổ phiếu VCB,,,,,
Đầu tư,Cho người mới,Có nên mua cổ phiếu,Có nên mua cổ phiếu DBC,Có nên mua cổ phiếu DBC,,,,,
Đầu tư,Cho người mới,Có nên mua cổ phiếu,Có nên mua cổ phiếu TAR,Có nên mua cổ phiếu TAR,,,,,
Đầu tư,Cho người mới,Có nên mua cổ phiếu,Có nên mua cổ phiếu REE,Có nên mua cổ phiếu REE,,,,,
Đầu tư,Cho người mới,Có nên mua cổ phiếu,Có nên mua cổ phiếu STB,Có nên mua cổ phiếu STB,,,,,
Đầu tư,Cho người mới,Có nên mua cổ phiếu,Có nên mua cổ phiếu FRT,Có nên mua cổ phiếu FRT,,,,,
Đầu tư,Cho người mới,Có nên mua cổ phiếu,Có nên mua cổ phiếu MWG,Có nên mua cổ phiếu MWG,,,,,
Đầu tư,Cho người mới,Có nên mua cổ phiếu,Có nên mua cổ phiếu SBT,Có nên mua cổ phiếu SBT,,,,,
Đầu tư,Cho người mới,Cổ phiếu,Cổ phiếu OTC là gì,Cổ phiếu OTC là gì,,Cổ phiếu OTC là gì,,https://docs.google.com/document/d/1TXnu_MtYniSO7WjQq7SACVsrbwvGNviWtCrI6SVXueA/edit?tab=t.0,
Đầu tư,Cho người mới,Cổ phiếu,cổ phiếu là gì,cổ phiếu là gì,,,"Nhân viên văn phòng, Sinh viên",https://docs.google.com/document/d/1JWdrULpnDIXm8fZxjjtvNI1WVXpNihJ2QOeP-QvgxHI/edit?tab=t.0#heading=h.lieshenl3uqu,
Đầu tư,Cho người mới,Cổ phiếu,cổ phiếu lô lẻ là gì,cổ phiếu lô lẻ là gì,,,,https://docs.google.com/document/d/1o5wNQpUxOuv2fwAO8UdUyqA8ZsCzxuEn4SfPplYvI68/edit?tab=t.0,
Đầu tư,Cho người mới,Cổ phiếu,so sánh cổ phiếu và chứng chỉ quỹ đầu tư,so sánh cổ phiếu và chứng chỉ quỹ đầu tư,,,,So sánh cổ phiếu và chứng chỉ quỹ,
Đầu tư,Cho người mới,Cổ phiếu,bán giải chấp cổ phiếu là gì,bán giải chấp cổ phiếu là gì,,,,,
Đầu tư,Cho người mới,Cổ phiếu,khi nào nên bán cổ phiếu,khi nào nên bán cổ phiếu,,,,,
Đầu tư,Cho người mới,Cổ phiếu,nên đầu tư cổ phiếu nào,nên đầu tư cổ phiếu nào,,,,https://docs.google.com/document/d/142687Jq6NoMKqehOFsYGno0Gxkbqb74Mm5MpFHlQqVw/edit?tab=t.0,Đạt
Đầu tư,Cho người mới,Cổ phiếu,Cổ phiếu trắng bên mua là gì,Cổ phiếu trắng bên mua là gì,,,,https://docs.google.com/document/d/1lsDXrvGtBi_5tGL0jChjDwY2WJFD3k2DVhrjgoHrtLY/edit?tab=t.0,
Đầu tư,Cho người mới,Cổ phiếu,so sánh cổ phiếu thường và cổ phiếu ưu đãi,so sánh cổ phiếu thường và cổ phiếu ưu đãi,,,,,
Đầu tư,Cho người mới,Cổ phiếu,trả cổ tức bằng cổ phiếu là gì,trả cổ tức bằng cổ phiếu là gì,,,,https://docs.google.com/document/d/1l1vE9j65A0teYQkdSmpwgqDui_Ss2GhAbyPBx-vgXP0/edit?tab=t.0,
Đầu tư,Cho người mới,Cổ phiếu,cổ phiếu trụ là gì,cổ phiếu trụ là gì,,,,https://docs.google.com/document/d/1DlrF93G9k7KbKPZ2HnVNULotUtD0N0Z6BPMA5iuDWrI/edit?tab=t.0,
Đầu tư,Cho người mới,Cổ phiếu,thị giá cổ phiếu là gì,thị giá cổ phiếu là gì,,,,https://docs.google.com/document/d/1h8LB1xCl-A0w_r4P1l1e8-NZ0Dt0suOpVY8-Q9bibF0/edit?tab=t.0,
Đầu tư,Cho người mới,Cổ phiếu,cổ phiếu bị hủy niêm yết,cổ phiếu bị hủy niêm yết,,,,https://docs.google.com/document/d/1iY7TKiNXFjz-9SxJh18rkLw4g98GmptKpwEA4EwUxM0/edit?tab=t.0,
Đầu tư,Cho người mới,Cổ phiếu,cổ phiếu thưởng là gì,cổ phiếu thưởng là gì,,,,https://docs.google.com/document/d/1Mhtl_1Rqi83yiJD-TBukKVGl079xrJiE8so47zM9pMM/edit?tab=t.0,
Đầu tư,Cho người mới,Cổ phiếu,cổ phiếu phòng thủ,cổ phiếu phòng thủ,,,,https://docs.google.com/document/d/1gQ9cOrMlsM6dYM5LwJc2fp20IxAsLilrZ1eZfJA98_0/edit?tab=t.0,
Đầu tư,Cho người mới,Cổ phiếu,chia tách cổ phiếu là gì,chia tách cổ phiếu là gì,,,,https://docs.google.com/document/d/1IX_h93yY5NqEf-zdG-g-uCoVVEb_uC8EvkBNnWLVKv0/edit?tab=t.0,
Đầu tư,Cho người mới,Cổ phiếu,cổ phiếu esop là gì,cổ phiếu esop là gì,,,,https://docs.google.com/document/d/19pyugxPjZHU7TXhW-61rsHjcRjqEvJIn0o3aByZzSzU/edit?tab=t.0,
Đầu tư,Cho người mới,Cổ phiếu,pha loãng cổ phiếu là gì,pha loãng cổ phiếu là gì,,,,https://docs.google.com/document/d/1fvXBxQN51Kck1PaOV34-jH2jrUcGq3fJF6ijTGzZn84/edit?tab=t.0#heading=h.3ffz09ay1ht1,
Đầu tư,Cho người mới,Cổ phiếu,cách chọn cổ phiếu tốt,cách chọn cổ phiếu tốt,,,,,
Đầu tư,Cho người mới,Cổ phiếu,Cổ phiếu quỹ là gì,Cổ phiếu quỹ là gì,,,,https://docs.google.com/document/d/1s8YLv8LmKHQd0ore1SIwb0qWjtCziHJJXR2AJ43YLGw/edit?tab=t.0,
Đầu tư,Cho người mới,Cổ phiếu,cổ phiếu ưu đãi là gì,cổ phiếu ưu đãi là gì,,,,https://docs.google.com/document/d/1s8YLv8LmKHQd0ore1SIwb0qWjtCziHJJXR2AJ43YLGw/edit?tab=t.0#heading=h.kvnuxlk9j9et,
Đầu tư,Cho người mới,Cổ phiếu,cổ phiếu penny là gì,cổ phiếu penny là gì,,,,https://docs.google.com/document/d/1QIucz_tKg7-e8Dw3hNAdBGsSOoNrFPt4u7fq2Z7IX4w/edit?tab=t.0,
Đầu tư,Cho người mới,Cổ phiếu,mid cap là gì,mid cap là gì,,,,,
Đầu tư,Cho người mới,Cổ phiếu,blue chip là gì,blue chip là gì,,,,,
Đầu tư,Cho người mới,Cổ phiếu,Cổ tức là gì,Cổ tức là gì,,,,,
Đầu tư,Cho người mới,Cổ phiếu ngành,cổ phiếu dầu khí,cổ phiếu dầu khí,,,"Nhân viên văn phòng, Sinh viên",,
Đầu tư,Cho người mới,Cổ phiếu ngành,cổ phiếu cảng biển,cổ phiếu cảng biển,,,"Nhân viên văn phòng, Sinh viên",,
Đầu tư,Cho người mới,Cổ phiếu ngành,cổ phiếu ngành chứng khoán,cổ phiếu ngành chứng khoán,,,"Nhân viên văn phòng, Sinh viên",,
Đầu tư,Cho người mới,Cổ phiếu ngành,cổ phiếu điện lực,cổ phiếu điện lực,,,"Nhân viên văn phòng, Sinh viên",,
Đầu tư,Cho người mới,Cổ phiếu ngành,cổ phiếu bất động sản,cổ phiếu bất động sản,,,"Nhân viên văn phòng, Sinh viên",,
Đầu tư,Cho người mới,Cổ phiếu ngành,cổ phiếu ngành cao su,cổ phiếu ngành cao su,,,"Nhân viên văn phòng, Sinh viên",,
Đầu tư,Cho người mới,Cổ phiếu ngành,cổ phiếu ngành dược,cổ phiếu ngành dược,,,"Nhân viên văn phòng, Sinh viên",,
Đầu tư,Cho người mới,Cổ phiếu ngành,cổ phiếu ngành thép,cổ phiếu ngành thép,,,"Nhân viên văn phòng, Sinh viên",,
Đầu tư,Cho người mới,Cổ phiếu ngành,cổ phiếu ngân hàng,cổ phiếu ngân hàng,,,"Nhân viên văn phòng, Sinh viên",,
Đầu tư,Cho người mới,Cổ phiếu ngành,cổ phiếu đầu tư công,cổ phiếu đầu tư công,,,"Nhân viên văn phòng, Sinh viên",,
Đầu tư,Cho người mới,Cổ phiếu ngành,cổ phiếu xuất nhập khẩu,cổ phiếu xuất nhập khẩu,,,"Nhân viên văn phòng, Sinh viên",,
Đầu tư,Cho người mới,Cổ phiếu ngành,cổ phiếu đầu cơ,cổ phiếu đầu cơ,,,"Nhân viên văn phòng, Sinh viên",,
Đầu tư,Cho người mới,Cổ phiếu ngành,cổ phiếu hàng không,cổ phiếu hàng không,,,"Nhân viên văn phòng, Sinh viên",,
Đầu tư,Cho người mới,Cổ phiếu ngành,cổ phiếu ngành xây dựng,cổ phiếu ngành xây dựng,,,"Nhân viên văn phòng, Sinh viên",,
Đầu tư,Cho người mới,Cổ phiếu ngành,cổ phiếu ngành dệt may,cổ phiếu ngành dệt may,,,"Nhân viên văn phòng, Sinh viên",,
Đầu tư,Cho người mới,Cổ phiếu ngành,cổ phiếu ngành công nghệ,cổ phiếu ngành công nghệ,,,"Nhân viên văn phòng, Sinh viên",,
Đầu tư,Cho người mới,Cổ phiếu ngành,cổ phiếu ngành thủy sản,cổ phiếu ngành thủy sản,,,"Nhân viên văn phòng, Sinh viên",,
Đầu tư,Cho người mới,Cổ phiếu ngành,cổ phiếu ngành thực phẩm,cổ phiếu ngành thực phẩm,,,"Nhân viên văn phòng, Sinh viên",,
Đầu tư,Cho người mới,Cổ phiếu ngành,cổ phiếu ngành bán lẻ,cổ phiếu ngành bán lẻ,,,"Nhân viên văn phòng, Sinh viên",,
Đầu tư,Cho người mới,Cổ phiếu ngành,cổ phiếu ngành nhựa,cổ phiếu ngành nhựa,,,"Nhân viên văn phòng, Sinh viên",,
Đầu tư,Cho người mới,Cổ phiếu ngành,cổ phiếu ngành du lịch,cổ phiếu ngành du lịch,,,"Nhân viên văn phòng, Sinh viên",,
Đầu tư,Cho người mới,Cổ phiếu ngành,cổ phiếu ngành năng lượng,cổ phiếu ngành năng lượng,,,"Nhân viên văn phòng, Sinh viên",,
Đầu tư,Cho người mới,Cổ phiếu ngành,cổ phiếu ngành y tế,cổ phiếu ngành y tế,,,"Nhân viên văn phòng, Sinh viên",,
Đầu tư,Cho người mới,Cổ phiếu ngành,cổ phiếu ngành Truyền Thông,cổ phiếu ngành Truyền Thông,,,"Nhân viên văn phòng, Sinh viên",,
Đầu tư,Cho người mới,Cổ phiếu ngành,Cổ phiếu ngành ô tô,Cổ phiếu ngành ô tô,,,"Nhân viên văn phòng, Sinh viên",,
Đầu tư,Cho người mới,Cổ phiếu ngành,Cổ phiếu ngành bảo hiểm,Cổ phiếu ngành bảo hiểm,,,"Nhân viên văn phòng, Sinh viên",,
Đầu tư,Cho người mới,Cổ phiếu ngành,cổ phiếu ngành than,cổ phiếu ngành than,,,"Nhân viên văn phòng, Sinh viên",,
Đầu tư,Cho người mới,Cổ phiếu ngành,cổ phiếu ngành hóa chất,cổ phiếu ngành hóa chất,,,"Nhân viên văn phòng, Sinh viên",,
Đầu tư,Cho người mới,Cổ phiếu ngành,cổ phiếu ngành nông nghiệp,cổ phiếu ngành nông nghiệp,,,"Nhân viên văn phòng, Sinh viên",,
Đầu tư,Cho người mới,khóa học,Khóa học phân tích cơ bản,Khóa học phân tích cơ bản,,"Khóa học phân tích cơ bản cho người mới, lộ trình chi tiết","Sinh viên, Nhân viên văn phòng",,
Đầu tư,Cho người mới,khóa học,Khóa học phân tích kỹ thuật,Khóa học phân tích kỹ thuật,,"Khóa học phân tích cơ bản cho người mới, lộ trình chi tiết","Sinh viên, Nhân viên văn phòng",,
Đầu tư,Cho người mới,khóa học,khóa học chứng khoán,khóa học chứng khoán,,"Khóa học chứng khoán cho người mới, lộ trình chi tiết","Sinh viên, Nhân viên văn phòng",https://docs.google.com/document/d/1s3oomBGYeDIZ0WZnqPbnhxfuib7UmcLyS9b3Gcguh3c/edit?tab=t.0,Đạt
Đầu tư,Cho người mới,phái sinh,Đáo hạn phái sinh là gì,Đáo hạn phái sinh là gì,,,,,
Đầu tư,Cho người mới,phái sinh,Hợp đồng tương lai ,Hợp đồng tương lai ,,,,,
Đầu tư,Cho người mới,phái sinh,chứng khoán phái sinh là gì,chứng khoán phái sinh là gì,,,,,
Đầu tư,Cho người mới,phái sinh,chứng khoán cơ sở và chứng khoán phái sinh,chứng khoán cơ sở và chứng khoán phái sinh,,,,,
Đầu tư,Cho người mới,phái sinh,quyền chọn là gì,quyền chọn là gì,,,,,
Đầu tư,Cho người mới,Phân tích cơ bản,phân tích ngành là gì,phân tích ngành là gì,,,,,
Đầu tư,Cho người mới,Phân tích cơ bản,phân tích doanh nghiệp là gì,phân tích doanh nghiệp là gì,,,,,
Đầu tư,Cho người mới,Phân tích cơ bản,phân tích cơ bản là gì,phân tích cơ bản là gì,,,,,
Đầu tư,Cho người mới,Phân tích cơ bản,p/e là gì,p/e là gì,,,,,
Đầu tư,Cho người mới,Phân tích cơ bản,giá trị sổ sách của cổ phiếu,giá trị sổ sách của cổ phiếu,,,,,
Đầu tư,Cho người mới,Phân tích cơ bản,Tỷ số thanh toán nhanh là gì,Tỷ số thanh toán nhanh là gì,,,,,
Đầu tư,Cho người mới,Phân tích cơ bản,Tỷ số nợ trên tổng tài sản,Tỷ số nợ trên tổng tài sản,,,,,
Đầu tư,Cho người mới,Phân tích cơ bản,Tỷ số thanh toán bằng tiền mặt,Tỷ số thanh toán bằng tiền mặt,,,,,
Đầu tư,Cho người mới,Phân tích cơ bản,hệ số khả năng thanh toán lãi vay,hệ số khả năng thanh toán lãi vay,,,,,
Đầu tư,Cho người mới,Phân tích cơ bản,nợ dài hạn trên vốn chủ sở hữu,nợ dài hạn trên vốn chủ sở hữu,,,,,
Đầu tư,Cho người mới,Phân tích cơ bản,Hệ số thanh toán là gì,Hệ số thanh toán là gì,,,,,
Đầu tư,Cho người mới,Phân tích cơ bản,Số ngày phải trả chưa thanh toán,Số ngày phải trả chưa thanh toán,,,,,
Đầu tư,Cho người mới,Phân tích cơ bản,Thời gian thu hồi tiền hàng tồn đọng,Thời gian thu hồi tiền hàng tồn đọng,,,,,
Đầu tư,Cho người mới,Phân tích cơ bản,vòng quay tổng tài sản,vòng quay tổng tài sản,,,,,
Đầu tư,Cho người mới,Phân tích cơ bản,vòng quay tài sản cố định,vòng quay tài sản cố định,,,,,
Đầu tư,Cho người mới,Phân tích cơ bản,vòng quay vốn lưu động,vòng quay vốn lưu động,,,,,
Đầu tư,Cho người mới,Phân tích cơ bản,Vòng quay khoản phải trả là gì,Vòng quay khoản phải trả là gì,,,,,
Đầu tư,Cho người mới,Phân tích cơ bản,roic là gì,roic là gì,,,,,
Đầu tư,Cho người mới,Phân tích cơ bản,chỉ số eps là gì,chỉ số eps là gì,,,,,
Đầu tư,Cho người mới,Phân tích cơ bản,tỷ suất cổ tức là gì,tỷ suất cổ tức là gì,,,,,
Đầu tư,Cho người mới,Phân tích cơ bản,tỷ lệ đòn bẩy tài chính,tỷ lệ đòn bẩy tài chính,,,,,
Đầu tư,Cho người mới,Phân tích cơ bản,p/b là gì,p/b là gì,,,,,
Đầu tư,Cho người mới,Phân tích cơ bản,cơ cấu vốn là gì,cơ cấu vốn là gì,,,,,
Đầu tư,Cho người mới,Phân tích cơ bản,Nợ phải trả là gì,Nợ phải trả là gì,,,,,
Đầu tư,Cho người mới,Phân tích cơ bản,biên lợi nhuận gộp là gì,biên lợi nhuận gộp là gì,,,,,
Đầu tư,Cho người mới,Phân tích cơ bản,biên lợi nhuận ròng,biên lợi nhuận ròng,,,,,
Đầu tư,Cho người mới,Phân tích cơ bản,EBITDA là gì,EBITDA là gì,,,,,
Đầu tư,Cho người mới,Phân tích cơ bản,roa là gì,roa là gì,,,,,
Đầu tư,Cho người mới,Phân tích cơ bản,current ratio là gì,current ratio là gì,,,,,
Đầu tư,Cho người mới,Phân tích cơ bản,vốn chủ sở là gì,vốn chủ sở là gì,,,,,
Đầu tư,Cho người mới,Phân tích cơ bản,chỉ số roe là gì,chỉ số roe là gì,,,,,
Đầu tư,Cho người mới,Phân tích cơ bản,giá trị nội tại của cổ phiếu,giá trị nội tại của cổ phiếu,,,,,
Đầu tư,Cho người mới,Phân tích cơ bản,Vốn lưu động là gì,Vốn lưu động là gì,,,,,
Đầu tư,Cho người mới,Phân tích cơ bản,thặng dư vốn cổ phần là gì,thặng dư vốn cổ phần là gì,,,,,
Đầu tư,Cho người mới,Phân tích cơ bản,Phân tích báo cáo tài chính Vinamilk,Phân tích báo cáo tài chính Vinamilk,,,,,
Đầu tư,Cho người mới,Phân tích cơ bản,Phân tích báo cáo tài chính FPT,Phân tích báo cáo tài chính FPT,,,,,
Đầu tư,Cho người mới,Phân tích cơ bản,phân tích báo cáo tài chính mwg,phân tích báo cáo tài chính mwg,,,,,
Đầu tư,Cho người mới,Phân tích cơ bản,phân tích báo cáo tài chính hòa phát,phân tích báo cáo tài chính hòa phát,,,,,
Đầu tư,Cho người mới,Phân tích cơ bản,phân tích báo cáo tài chính vietcombank,phân tích báo cáo tài chính vietcombank,,,,,
Đầu tư,Cho người mới,Phân tích cơ bản,Phân tích báo cáo tài chính Vingroup,Phân tích báo cáo tài chính Vingroup,,,,,
Đầu tư,Cho người mới,Phân tích cơ bản,Phân tích báo cáo tài chính PNJ,Phân tích báo cáo tài chính PNJ,,,,,
Đầu tư,Cho người mới,Phân tích cơ bản,Phân tích báo cáo tài chính Công ty Bibica,Phân tích báo cáo tài chính Công ty Bibica,,,,,
Đầu tư,Cho người mới,Phân tích cơ bản,Phân tích báo cáo tài chính Công ty Kinh Đô,Phân tích báo cáo tài chính Công ty Kinh Đô,,,,,
Đầu tư,Cho người mới,Phân tích cơ bản,chuỗi giá trị ngành thép,chuỗi giá trị ngành thép,,,,,
Đầu tư,Cho người mới,Phân tích cơ bản,chuỗi giá trị ngành dầu khí,chuỗi giá trị ngành dầu khí,,,,,
Đầu tư,Cho người mới,Phân tích cơ bản,chuỗi giá trị ngành dệt may,chuỗi giá trị ngành dệt may,,,,,
Đầu tư,Cho người mới,Phân tích cơ bản,chuỗi giá trị ngành cao su,chuỗi giá trị ngành cao su,,,,,
Đầu tư,Cho người mới,Phân tích cơ bản,chuỗi giá trị ngành điện,chuỗi giá trị ngành điện,,,,,
Đầu tư,Cho người mới,Phân tích cơ bản,chuỗi giá trị ngành xây dựng,chuỗi giá trị ngành xây dựng,,,,,
Đầu tư,Cho người mới,Phân tích cơ bản,chuỗi giá trị ngành phân bón,chuỗi giá trị ngành phân bón,,,,,
Đầu tư,Cho người mới,Phân tích cơ bản,chuỗi giá trị ngành ngân hàng,chuỗi giá trị ngành ngân hàng,,,,,
Đầu tư,Cho người mới,Phân tích cơ bản,chuỗi giá trị ngành nhựa,chuỗi giá trị ngành nhựa,,,,,
Đầu tư,Cho người mới,Phân tích cơ bản,chuỗi giá trị ngành bất động sản,chuỗi giá trị ngành bất động sản,,,,,
Đầu tư,Cho người mới,Phân tích cơ bản,cách phân tích báo cáo tài chính,cách phân tích báo cáo tài chính,,,,,
Đầu tư,Cho người mới,Phân tích cơ bản,vòng quay khoản phải thu,vòng quay khoản phải thu,,,,,
Đầu tư,Cho người mới,Phân tích cơ bản,dòng tiền từ hoạt động kinh doanh,dòng tiền từ hoạt động kinh doanh,,,,,
Đầu tư,Cho người mới,Phân tích cơ bản,vốn điều lệ là gì,vốn điều lệ là gì,,,,,
Đầu tư,Cho người mới,Phân tích cơ bản,capex là gì,capex là gì,,,,,
Đầu tư,Cho người mới,Phân tích cơ bản,Tín dụng doanh nghiệp là gì,Tín dụng doanh nghiệp là gì,,,,,
Đầu tư,Cho người mới,Phân tích cơ bản,M&A là gì,M&A là gì,,,,,
Đầu tư,Cho người mới,Phân tích cơ bản,Phân tích Dupont là gì,Phân tích Dupont là gì,,,,,
Đầu tư,Cho người mới,Phân tích cơ bản,chỉ tiêu doanh thu,chỉ tiêu doanh thu,,,,,
Đầu tư,Cho người mới,Phân tích cơ bản,cách đọc báo cáo thường niên,cách đọc báo cáo thường niên,,,,,
Đầu tư,Cho người mới,Phân tích cơ bản,Chi phí biên là gì,Chi phí biên là gì,,,,,
Đầu tư,Cho người mới,Phân tích cơ bản,Vốn cổ phần là gì,Vốn cổ phần là gì,,,,,
Đầu tư,Cho người mới,Phân tích cơ bản,chỉ tiêu lợi nhuận của doanh nghiệp,chỉ tiêu lợi nhuận của doanh nghiệp,,,,,
Đầu tư,Cho người mới,Phân tích cơ bản,cách đọc báo cáo tài chính,cách đọc báo cáo tài chính,,,,,
Đầu tư,Cho người mới,Phân tích cơ bản,ROCE là gì,ROCE là gì,,,,,
Đầu tư,Cho người mới,Phân tích cơ bản,giá trị doanh nghiệp là gì,giá trị doanh nghiệp là gì,,,,,
Đầu tư,Cho người mới,Phân tích cơ bản,Vốn pháp định là gì,Vốn pháp định là gì,,,,,
Đầu tư,Cho người mới,Phân tích cơ bản,Điểm hòa vốn là gì,Điểm hòa vốn là gì,,,,,
Đầu tư,Cho người mới,Phân tích cơ bản,bảng cân đối kế toán nguồn vốn,bảng cân đối kế toán nguồn vốn,,,,,
Đầu tư,Cho người mới,Phân tích cơ bản,Vòng quay hàng tồn kho là gì,Vòng quay hàng tồn kho là gì,,,,,
Đầu tư,Cho người mới,Phân tích cơ bản,Báo cáo lưu chuyển tiền tệ là gì,Báo cáo lưu chuyển tiền tệ là gì,,,,,
Đầu tư,Cho người mới,Phân tích cơ bản,quy luật giá trị,quy luật giá trị,,,,,
Đầu tư,Cho người mới,Phân tích cơ bản,fed là gì,fed là gì,,,,,
Đầu tư,Cho người mới,Phân tích cơ bản,độ co giãn của cầu theo giá,độ co giãn của cầu theo giá,,,,,
Đầu tư,Cho người mới,Phân tích cơ bản,npv và irr là gì,npv và irr là gì,,,,,
Đầu tư,Cho người mới,Phân tích cơ bản,sự kiện thiên nga đen,sự kiện thiên nga đen,,,,,
Đầu tư,Cho người mới,Phân tích cơ bản,brexit là gì,brexit là gì,,,,,
Đầu tư,Cho người mới,Phân tích cơ bản,Cạnh tranh hoàn hảo là gì,Cạnh tranh hoàn hảo là gì,,,,,
Đầu tư,Cho người mới,Phân tích cơ bản,cạnh tranh độc quyền,cạnh tranh độc quyền,,,,,
Đầu tư,Cho người mới,Phân tích cơ bản,YOY là gì,YOY là gì,,,,,
Đầu tư,Cho người mới,Phân tích cơ bản,goodwill là gì,goodwill là gì,,,,,
Đầu tư,Cho người mới,Phân tích cơ bản,cách định giá cổ phiếu,cách định giá cổ phiếu,,,,,
Đầu tư,Cho người mới,Phân tích cơ bản,nim là gì,nim là gì,,,,,
Đầu tư,Cho người mới,Phân tích cơ bản,chu kỳ cổ phiếu,chu kỳ cổ phiếu,,,,,
Đầu tư,Cho người mới,Phân tích cơ bản,Doanh nghiệp mua lại cổ phiếu để làm gì,Doanh nghiệp mua lại cổ phiếu để làm gì,,,,,
Đầu tư,Cho người mới,Phân tích cơ bản,cạnh tranh là gì,cạnh tranh là gì,,,,,
Đầu tư,Cho người mới,Phân tích cơ bản,CASA trong ngành ngân hàng là gì,CASA trong ngành ngân hàng là gì,,,,,
Đầu tư,Cho người mới,Phân tích cơ bản,Khi nào nên mua cổ phiếu,Khi nào nên mua cổ phiếu,,,,,
Đầu tư,Cho người mới,Phân tích cơ bản,các chỉ số đánh giá cổ phiếu tốt,các chỉ số đánh giá cổ phiếu tốt,,,,,
Đầu tư,Cho người mới,Phân tích cơ bản,cán cân vãng lai là gì,cán cân vãng lai là gì,,,,,
Đầu tư,Cho người mới,Phân tích cơ bản,Đường cong lợi suất đảo ngược,Đường cong lợi suất đảo ngược,,,,,
Đầu tư,Cho người mới,Phân tích cơ bản,rủi ro thanh khoản là gì,rủi ro thanh khoản là gì,,,,,
Đầu tư,Cho người mới,Phân tích cơ bản,cir ngân hàng là gì,cir ngân hàng là gì,,,,,
Đầu tư,Cho người mới,Phân tích cơ bản,hệ số tương quan,hệ số tương quan,,,,,
Đầu tư,Cho người mới,Phân tích cơ bản,cạnh tranh không hoàn hảo,cạnh tranh không hoàn hảo,,,,,
Đầu tư,Cho người mới,Phân tích cơ bản,Chi phí cơ hội là gì,Chi phí cơ hội là gì,,,,,
Đầu tư,Cho người mới,Phân tích cơ bản,chính sách tiền tệ nới lỏng,chính sách tiền tệ nới lỏng,,,,,
Đầu tư,Cho người mới,Phân tích cơ bản,khủng hoảng tài chính là gì,khủng hoảng tài chính là gì,,,,,
Đầu tư,Cho người mới,Phân tích cơ bản,cơ hội thị trường là gì,cơ hội thị trường là gì,,,,,
Đầu tư,Cho người mới,Phân tích cơ bản,Mô hình kinh doanh là gì,Mô hình kinh doanh là gì,,,,,
Đầu tư,Cho người mới,Phân tích cơ bản,Chu kỳ kinh tế là gì,Chu kỳ kinh tế là gì,,,,,
Đầu tư,Cho người mới,Phân tích cơ bản,lý thuyết trò chơi,lý thuyết trò chơi,,,,,
Đầu tư,Cho người mới,Phân tích cơ bản,lợi thế cạnh tranh là gì,lợi thế cạnh tranh là gì,,,,,
Đầu tư,Cho người mới,Phân tích cơ bản,chi phí cố định,chi phí cố định,,,,,
Đầu tư,Cho người mới,Phân tích cơ bản,chu kỳ có nghĩa là gì,chu kỳ có nghĩa là gì,,,,,
Đầu tư,Cho người mới,Phân tích cơ bản,bẫy thanh khoản,bẫy thanh khoản,,,,,
Đầu tư,Cho người mới,Phân tích cơ bản,Bong bóng dotcom là gì,Bong bóng dotcom là gì,,,,,
Đầu tư,Cho người mới,Phân tích cơ bản,chiến lược thị trường là gì,chiến lược thị trường là gì,,,,,
Đầu tư,Cho người mới,Phân tích cơ bản,Nợ xấu trong các cổ phiếu ngành ngân hàng,Nợ xấu trong các cổ phiếu ngành ngân hàng,,,,,
Đầu tư,Cho người mới,Phân tích cơ bản,chỉ số nim của ngân hàng là gì,chỉ số nim của ngân hàng là gì,,,,,
Đầu tư,Cho người mới,Phân tích cơ bản,Mô hình CAPM là gì,Mô hình CAPM là gì,,,,,
Đầu tư,Cho người mới,Phân tích cơ bản,các chỉ số phân tích báo cáo tài chính,các chỉ số phân tích báo cáo tài chính,,,,,
Đầu tư,Cho người mới,Phân tích kỹ thuật,phân tích kỹ thuật là gì,phân tích kỹ thuật là gì,,,,,
Đầu tư,Cho người mới,Phân tích kỹ thuật,mô hình nến,mô hình nến,,,,,
Đầu tư,Cho người mới,Phân tích kỹ thuật,chỉ báo bollinger bands width,chỉ báo bollinger bands width,,,,,
Đầu tư,Cho người mới,Phân tích kỹ thuật,chỉ báo Bollinger Bands,chỉ báo Bollinger Bands,,,,,
Đầu tư,Cho người mới,Phân tích kỹ thuật,chỉ báo bollinger bands b,chỉ báo bollinger bands b,,,,,
Đầu tư,Cho người mới,Phân tích kỹ thuật,Chỉ báo Bollinger Band Squeeze là gì,Chỉ báo Bollinger Band Squeeze là gì,,,,,
Đầu tư,Cho người mới,Phân tích kỹ thuật,chỉ báo cci là gì,chỉ báo cci là gì,,,,,
Đầu tư,Cho người mới,Phân tích kỹ thuật,chỉ báo keltner channel,chỉ báo keltner channel,,,,,
Đầu tư,Cho người mới,Phân tích kỹ thuật,Đường Trendline là gì,Đường Trendline là gì,,,,,
Đầu tư,Cho người mới,Phân tích kỹ thuật,Đường ZigZag,Đường ZigZag,,,,,
Đầu tư,Cho người mới,Phân tích kỹ thuật,đường a/d là gì,đường a/d là gì,,,,,
Đầu tư,Cho người mới,Phân tích kỹ thuật,Sóng Elliott là gì,Sóng Elliott là gì,,,,,
Đầu tư,Cho người mới,Phân tích kỹ thuật,fibonacci thoái lui,fibonacci thoái lui,,,,,
Đầu tư,Cho người mới,Phân tích kỹ thuật,Sóng Elliott và Fibonacci là gì,Sóng Elliott và Fibonacci là gì,,,,,
Đầu tư,Cho người mới,Phân tích kỹ thuật,Fibonacci là gì,Fibonacci là gì,,,,,
Đầu tư,Cho người mới,Phân tích kỹ thuật,chỉ báo dòng tiền,chỉ báo dòng tiền,,,,,
Đầu tư,Cho người mới,Phân tích kỹ thuật,giá tăng khối lượng giảm,giá tăng khối lượng giảm,,,,,
Đầu tư,Cho người mới,Phân tích kỹ thuật,chỉ báo cmf,chỉ báo cmf,,,,,
Đầu tư,Cho người mới,Phân tích kỹ thuật,chỉ báo obv là gì,chỉ báo obv là gì,,,,,
Đầu tư,Cho người mới,Phân tích kỹ thuật,Cách sử dụng 4 đường MA,Cách sử dụng 4 đường MA,,,,,
Đầu tư,Cho người mới,Phân tích kỹ thuật,phân tích kỹ thuật kết hợp Bollinger Bands và đường MA,phân tích kỹ thuật kết hợp Bollinger Bands và đường MA,,,,,
Đầu tư,Cho người mới,Phân tích kỹ thuật,đường ma200,đường ma200,,,,,
Đầu tư,Cho người mới,Phân tích kỹ thuật,đường ma là gì,đường ma là gì,,,,,
Đầu tư,Cho người mới,Phân tích kỹ thuật,đường ema,đường ema,,,,,
Đầu tư,Cho người mới,Phân tích kỹ thuật,kết hợp 3 đường MA,kết hợp 3 đường MA,,,,,
Đầu tư,Cho người mới,Phân tích kỹ thuật,Đường WMA là gì,Đường WMA là gì,,,,,
Đầu tư,Cho người mới,Phân tích kỹ thuật,chỉ báo macd histogram là gì,chỉ báo macd histogram là gì,,,,,
Đầu tư,Cho người mới,Phân tích kỹ thuật,MACD là gì,MACD là gì,,,,,
Đầu tư,Cho người mới,Phân tích kỹ thuật,Mô hình 2 đỉnh là gì,Mô hình 2 đỉnh là gì,,,,,
Đầu tư,Cho người mới,Phân tích kỹ thuật,Mô hình lá cờ là gì,Mô hình lá cờ là gì,,,,,
Đầu tư,Cho người mới,Phân tích kỹ thuật,Nến Evening Star là gì,Nến Evening Star là gì,,,,,
Đầu tư,Cho người mới,Phân tích kỹ thuật,Mô hình cái nêm là gì,Mô hình cái nêm là gì,,,,,
Đầu tư,Cho người mới,Phân tích kỹ thuật,Nến Harami là gì,Nến Harami là gì,,,,,
Đầu tư,Cho người mới,Phân tích kỹ thuật,Mô hình nến Dark Cloud Cover là gì,Mô hình nến Dark Cloud Cover là gì,,,,,
Đầu tư,Cho người mới,Phân tích kỹ thuật,Mô hình tam giác mở rộng là gì,Mô hình tam giác mở rộng là gì,,,,,
Đầu tư,Cho người mới,Phân tích kỹ thuật,Nến Marubozu là gì,Nến Marubozu là gì,,,,,
Đầu tư,Cho người mới,Phân tích kỹ thuật,nến búa,nến búa,,,,,
Đầu tư,Cho người mới,Phân tích kỹ thuật,nến inside bar,nến inside bar,,,,,
Đầu tư,Cho người mới,Phân tích kỹ thuật,nến doji,nến doji,,,,,
Đầu tư,Cho người mới,Phân tích kỹ thuật,Nến Hanging Man,Nến Hanging Man,,,,,
Đầu tư,Cho người mới,Phân tích kỹ thuật,Nến Shooting Star,Nến Shooting Star,,,,,
Đầu tư,Cho người mới,Phân tích kỹ thuật,mô hình nến engulfing,mô hình nến engulfing,,,,,
Đầu tư,Cho người mới,Phân tích kỹ thuật,nến heikin ashi,nến heikin ashi,,,,,
Đầu tư,Cho người mới,Phân tích kỹ thuật,nến pin bar,nến pin bar,,,,,
Đầu tư,Cho người mới,Phân tích kỹ thuật,cách đọc biểu đồ nến,cách đọc biểu đồ nến,,,,,
Đầu tư,Cho người mới,Phân tích kỹ thuật,Mô hình nến búa ngược,Mô hình nến búa ngược,,,,,
Đầu tư,Cho người mới,Phân tích kỹ thuật,mô hình 3 chàng lính ngự lâm,mô hình 3 chàng lính ngự lâm,,,,,
Đầu tư,Cho người mới,Phân tích kỹ thuật,chỉ báo aroon,chỉ báo aroon,,,,,
Đầu tư,Cho người mới,Phân tích kỹ thuật,chỉ báo uo,chỉ báo uo,,,,,
Đầu tư,Cho người mới,Phân tích kỹ thuật,hành động giá,hành động giá,,,,,
Đầu tư,Cho người mới,Phân tích kỹ thuật,trend following là gì,trend following là gì,,,,,
Đầu tư,Cho người mới,Phân tích kỹ thuật,phân kỳ rsi,phân kỳ rsi,,,,,
Đầu tư,Cho người mới,Phân tích kỹ thuật,rsi là gì,rsi là gì,,,,,
Đầu tư,Cho người mới,Phân tích kỹ thuật,chỉ báo stochastic rsi là gì,chỉ báo stochastic rsi là gì,,,,,
Đầu tư,Cho người mới,Phân tích kỹ thuật,phân kỳ ẩn,phân kỳ ẩn,,,,,
Đầu tư,Cho người mới,Phân tích kỹ thuật,chiến lược giao dịch rsi,chiến lược giao dịch rsi,,,,,
Đầu tư,Cho người mới,Phân tích kỹ thuật,chỉ báo connor rsi,chỉ báo connor rsi,,,,,
Đầu tư,Cho người mới,Phân tích kỹ thuật,mô hình 2 đáy,mô hình 2 đáy,,,,,
Đầu tư,Cho người mới,Phân tích kỹ thuật,mô hình 3 đáy,mô hình 3 đáy,,,,,
Đầu tư,Cho người mới,Phân tích kỹ thuật,mô hình vai đầu vai,mô hình vai đầu vai,,,,,
Đầu tư,Cho người mới,Phân tích kỹ thuật,Mô hình cốc tay cầm,Mô hình cốc tay cầm,,,,,
Đầu tư,Cho người mới,Phân tích kỹ thuật,mô hình chữ nhật,mô hình chữ nhật,,,,,
Đầu tư,Cho người mới,Phân tích kỹ thuật,Mô hình cờ đuôi nheo,Mô hình cờ đuôi nheo,,,,,
Đầu tư,Cho người mới,Phân tích kỹ thuật,mô hình tam giác,mô hình tam giác,,,,,
Đầu tư,Cho người mới,Phân tích kỹ thuật,chỉ báo xác định xu hướng,chỉ báo xác định xu hướng,,,,,
Đầu tư,Cho người mới,Phân tích kỹ thuật,biểu đồ kỹ thuật,biểu đồ kỹ thuật,,,,,
Đầu tư,Cho người mới,Phân tích kỹ thuật,mô hình wyckoff,mô hình wyckoff,,,,,
Đầu tư,Cho người mới,Phân tích kỹ thuật,chỉ báo mcdx,chỉ báo mcdx,,,,,
Đầu tư,Cho người mới,Phân tích kỹ thuật,chỉ báo atr là gì,chỉ báo atr là gì,,,,,
Đầu tư,Cho người mới,Phân tích kỹ thuật,wyckoff là gì,wyckoff là gì,,,,,
Đầu tư,Cho người mới,Phân tích kỹ thuật,chỉ báo supertrend là gì,chỉ báo supertrend là gì,,,,,
Đầu tư,Cho người mới,Phân tích kỹ thuật,bull trap là gì,bull trap là gì,,,,,
Đầu tư,Cho người mới,Phân tích kỹ thuật,swing trading,swing trading,,,,,
Đầu tư,Cho người mới,Phân tích kỹ thuật,Khoảng trống giá là gì,Khoảng trống giá là gì,,,,,
Đầu tư,Cho người mới,Phân tích kỹ thuật,kênh giá song song,kênh giá song song,,,,,
Đầu tư,Cho người mới,Phân tích kỹ thuật,các phương pháp phân tích kỹ thuật,các phương pháp phân tích kỹ thuật,,,,,
Đầu tư,Cho người mới,Phân tích kỹ thuật,Vùng đỉnh và đáy là gì,Vùng đỉnh và đáy là gì,,,,,
Đầu tư,Cho người mới,Phân tích kỹ thuật,Phân phối đỉnh là gì,Phân phối đỉnh là gì,,,,,
Đầu tư,Cho người mới,Phân tích kỹ thuật,spread là gì,spread là gì,,,,,
Đầu tư,Cho người mới,Phân tích kỹ thuật,hỗ trợ kháng cự là gì,hỗ trợ kháng cự là gì,,,,,
Đầu tư,Cho người mới,Phân tích kỹ thuật,chỉ báo roc là gì,chỉ báo roc là gì,,,,,
Đầu tư,Cho người mới,Phân tích kỹ thuật,washout là gì,washout là gì,,,,,
Đầu tư,Cho người mới,Phân tích kỹ thuật,Đảo chiều xu hướng là gì,Đảo chiều xu hướng là gì,,,,,
Đầu tư,Cho người mới,Phân tích kỹ thuật,Ichimoku là gì,Ichimoku là gì,,,,,
Đầu tư,Cho người mới,Phân tích kỹ thuật,pullback trading là gì,pullback trading là gì,,,,,
Đầu tư,Cho người mới,Phân tích kỹ thuật,pivot point là gì,pivot point là gì,,,,,
Đầu tư,Cho người mới,Phân tích kỹ thuật,golden cross là gì,golden cross là gì,,,,,
Đầu tư,Cho người mới,Phân tích kỹ thuật,chỉ báo dmi,chỉ báo dmi,,,,,
Đầu tư,Cho người mới,Phân tích kỹ thuật,Phân biệt phân tích cơ bản và phân tích kỹ thuật ,Phân biệt phân tích cơ bản và phân tích kỹ thuật ,,,,,
Đầu tư,Cho người mới,Phân tích kỹ thuật,Sideway là gì,Sideway là gì,,,,,
Đầu tư,Cho người mới,Phân tích kỹ thuật,vùng quá mua là gì,vùng quá mua là gì,,,,,
Đầu tư,Cho người mới,Phân tích kỹ thuật,chỉ báo parabolic sar,chỉ báo parabolic sar,,,,,
Đầu tư,Cho người mới,Phân tích kỹ thuật,chỉ báo adx,chỉ báo adx,,,,,
Đầu tư,Cho người mới,Phân tích kỹ thuật,lý thuyết dow,lý thuyết dow,,,,,
Đầu tư,Cho người mới,Phân tích kỹ thuật,breakout trong chứng khoán là gì,breakout trong chứng khoán là gì,,,,,
Đầu tư,Cho người mới,Phân tích kỹ thuật,giao dịch theo xu hướng,giao dịch theo xu hướng,,,,,
Đầu tư,Cho người mới,Phân tích kỹ thuật,kênh giá là gì,kênh giá là gì,,,,,
Đầu tư,Cho người mới,Phân tích kỹ thuật,Bear Trap là gì,Bear Trap là gì,,,,,
Đầu tư,Cho người mới,Phân tích kỹ thuật,chỉ báo know sure thing,chỉ báo know sure thing,,,,,
Đầu tư,Cho người mới,Phân tích kỹ thuật,sách phân tích kỹ thuật,sách phân tích kỹ thuật,,,,,
Đầu tư,Cho người mới,Phân tích kỹ thuật,Chỉ số VIX,Chỉ số VIX,,,,,
Đầu tư,Cho người mới,Phân tích kỹ thuật,zero sum game,zero sum game,,,,,
Đầu tư,Cho người mới,Phân tích kỹ thuật,Sự kiện bong bóng hoa tulip,Sự kiện bong bóng hoa tulip,,,,,
Đầu tư,Cho người mới,Phân tích kỹ thuật,cách nhìn dòng tiền trong chứng khoán,cách nhìn dòng tiền trong chứng khoán,,,,,
Đầu tư,Cho người mới,Phân tích kỹ thuật,Đầu tư chứng khoán dài hạn,Đầu tư chứng khoán dài hạn,,,,,
Đầu tư,Cho người mới,Phân tích kỹ thuật,đầu tư chứng khoán ngắn hạn,đầu tư chứng khoán ngắn hạn,,,,,
Đầu tư,Cho người mới,Phân tích kỹ thuật,đầu tư chứng khoán của Warren Buffett,đầu tư chứng khoán của Warren Buffett,,,,,
Đầu tư,Cho người mới,Phân tích kỹ thuật,day trading là gì,day trading là gì,,,,,
Đầu tư,Cho người mới,Phân tích kỹ thuật,buy the dip là gì,buy the dip là gì,,,,,
Đầu tư,Cho người mới,Phân tích kỹ thuật,Đầu tư giá trị là gì,Đầu tư giá trị là gì,,,,,
Đầu tư,Cho người mới,Phân tích kỹ thuật,quy tắc của Richard Rhodes,quy tắc của Richard Rhodes,,,,,
Đầu tư,Cho người mới,Phân tích kỹ thuật,Đầu tư tăng trưởng là gì,Đầu tư tăng trưởng là gì,,,,,
Đầu tư,Cho người mới,Phân tích kỹ thuật,copy trade là gì,copy trade là gì,,,,,
Đầu tư,Cho người mới,Phương pháp đầu tư,chiến lược đầu tư chứng khoán,chiến lược đầu tư chứng khoán,,,,https://docs.google.com/document/d/1IH9EAxbNrNTFQJwmOF5VeumZemMCBNifjKc5C1IsA7s/edit?tab=t.0,Đạt
Đầu tư,Cho người mới,Phương pháp đầu tư,Đầu tư tích sản cổ phiếu là gì,Đầu tư tích sản cổ phiếu là gì,,,,,
Đầu tư,Cho người mới,Phương pháp đầu tư,phương pháp top down,phương pháp top down,,,,,
Đầu tư,Cho người mới,Phương pháp đầu tư,phương pháp canslim,phương pháp canslim,,,,,
Đầu tư,Cho người mới,Phương pháp đầu tư,sách về đầu tư giá trị,sách về đầu tư giá trị,,,,,
Đầu tư,Cho người mới,Phương pháp đầu tư,đầu tư giá trị,đầu tư giá trị,,,,,
Đầu tư,Cho người mới,Phương pháp đầu tư,đầu tư tăng trưởng là gì,đầu tư tăng trưởng là gì,,,,,
Đầu tư,Cho người mới,Phương pháp đầu tư,Phương pháp Richard Donchian,Phương pháp Richard Donchian,,,,,
Đầu tư,Cho người mới,Phương pháp đầu tư,phương pháp đầu tư giá trị của graham benjamin,phương pháp đầu tư giá trị của graham benjamin,,,,,
Đầu tư,Cho người mới,Phương pháp đầu tư,Đầu tư lướt sóng,Đầu tư lướt sóng,,,,,
Đầu tư,Cho người mới,Phương pháp đầu tư,đầu tư ngắn hạn,đầu tư ngắn hạn,,,,,
Đầu tư,Cho người mới,Phương pháp đầu tư,đầu tư thụ động,đầu tư thụ động,,,,,
Đầu tư,Cho người mới,Phương pháp đầu tư,đầu tư chủ động,đầu tư chủ động,,,,,
Đầu tư,Cho người mới,rủi ro,khẩu vị rủi ro,khẩu vị rủi ro,,,,,
Đầu tư,Cho người mới,rủi ro,Rủi ro doanh nghiệp trong đầu tư chứng khoán là gì,Rủi ro doanh nghiệp trong đầu tư chứng khoán là gì,,,,,
Đầu tư,Cho người mới,rủi ro,Đầu tư chứng khoán có những rủi ro gì,Đầu tư chứng khoán có những rủi ro gì,,,,,
Đầu tư,Cho người mới,rủi ro,Quản trị rủi ro là gì,Quản trị rủi ro là gì,,,,,
Đầu tư,Cho người mới,Tài khoản chứng khoán,Nên mở tài khoản chứng khoán ở đâu,Nên mở tài khoản chứng khoán ở đâu,,,,,
Đầu tư,Cho người mới,Tài khoản chứng khoán,mở tài khoản chứng khoán có mất phí không?,mở tài khoản chứng khoán có mất phí không?,,,,,
Đầu tư,Cho người mới,Tài khoản chứng khoán,cách mở tài khoản chứng khoán,cách mở tài khoản chứng khoán,,,,,
Đầu tư,Cho người mới,Tài khoản chứng khoán,các loại tài khoản chứng khoán,các loại tài khoản chứng khoán,,,,,
Đầu tư,Cho người mới,Tài khoản chứng khoán,mở tài khoản chứng khoán online có an toàn không,mở tài khoản chứng khoán online có an toàn không,,,,,
Đầu tư,Cho người mới,Tài khoản chứng khoán,hợp đồng mở tài khoản chứng khoán,hợp đồng mở tài khoản chứng khoán,,,,,
Đầu tư,Cho người mới,Tài khoản chứng khoán,Một người được mở bao nhiêu tài khoản chứng khoán,Một người được mở bao nhiêu tài khoản chứng khoán,,,,,
Đầu tư,Cho người mới,Tài khoản chứng khoán,cháy tài khoản chứng khoán là gì,cháy tài khoản chứng khoán là gì,,,,,
Đầu tư,Cho người mới,tài liệu,sách về tài chính,sách về tài chính,,,Sinh viên,,
Đầu tư,Cho người mới,tài liệu,sách về chứng khoán của warren buffett,sách về chứng khoán của warren buffett,,,"Sinh viên, Nhân viên văn phòng",,
Đầu tư,Cho người mới,tài liệu,giáo trình phân tích báo cáo tài chính,giáo trình phân tích báo cáo tài chính,,,Sinh viên,,
Đầu tư,Cho người mới,tài liệu,sách chứng khoán,sách chứng khoán,,,"Sinh viên, Nhân viên văn phòng",,
Đầu tư,Cho người mới,tài liệu,sách phân tích kỹ thuật chứng khoán,sách phân tích kỹ thuật chứng khoán,,,"Sinh viên, Nhân viên văn phòng",,
Đầu tư,Cho người mới,Trái phiếu,bond yield là gì,bond yield là gì,,,,,
Đầu tư,Cho người mới,Trái phiếu,có nên đầu tư trái phiếu,có nên đầu tư trái phiếu,,,,,
Đầu tư,Cho người mới,Trái phiếu,Trái phiếu chính phủ là gì,Trái phiếu chính phủ là gì,,,,,
Đầu tư,Cho người mới,Trái phiếu,trái phiếu là gì,trái phiếu là gì,,,,,
Đầu tư,Cho người mới,Trái phiếu,Trái phiếu chuyển đổi là gì,Trái phiếu chuyển đổi là gì,,,,,
Đầu tư,Cho người mới,Trái phiếu,Trái phiếu doanh nghiệp là gì,Trái phiếu doanh nghiệp là gì,,,,,
Đầu tư,Cho người mới,Trái phiếu,Trái phiếu ngân hàng là gì,Trái phiếu ngân hàng là gì,,,,,