Article #,URL,?u tiên,Status,Main Topic 1,Subtopic 2,Subtopic 3,Subtopic 4 / Individual Page,Keyword,Search Volume,Tiêu ??,??i t??ng,Lo?i n?i dung,Giai ?o?n,Outline,Google Doc,?ánh giá,,,,,,,,,,,,,,
,,2,Researching,??u t?,Cho ng??i m?i,Cách ??u t?,cách ch?i ch?ng khoán trên ?i?n tho?i,cách ch?i ch?ng khoán trên ?i?n tho?i,,,,,,,,,,,,,,,,,,,,,,
,,1,In Editing,??u t?,Cho ng??i m?i,Cách ??u t?,cách ??u t? ch?ng ch? qu?,cách ??u t? ch?ng ch? qu?,,Cách ??u t? ch?ng ch? qu? hi?u qu? cho ng??i m?i,"Sinh viên, Nhân viên v?n phòng",Comprehensive Guide (H??ng d?n toàn di?n),,,https://docs.google.com/document/d/1X2y9U0-ewpFyZ2LmqD1Zv8zrd_O0LA0o2WEZi5KP61k/edit?tab=t.0,?ã nh?n xét,,,,,,,,,,,,,,
,,1,In Editing,??u t?,Cho ng??i m?i,Cách ??u t?,cách ??u t? ch?ng khoán,cách ??u t? ch?ng khoán,,Cách ??u t? ch?ng khoán cho ng??i m?i,"Sinh viên, Nhân viên v?n phòng",Comprehensive Guide (H??ng d?n toàn di?n),Awareness,"- Chi ti?t các b??c ??u t? ch?ng khoán
- H??ng d?n cách ??u t? hi?u qu? v?i h? sinh thái HVS T? v?n s?",https://docs.google.com/document/d/18XFLIbDvY9-1_92WKDiG2TF6E_adwx8V-zBwALcbnnc/edit?tab=t.0,?ã nh?n xét,,,,,,,,,,,,,,
,,1,In Editing,??u t?,Cho ng??i m?i,Cách ??u t?,cách ??u t? ch?ng khoán phái sinh,Cách ??u t? ch?ng khoán phái sinh,,Cách ??u t? ch?ng khoán phái sinh cho ng??i m?i,"Sinh viên, Nhân viên v?n phòng",Comprehensive Guide (H??ng d?n toàn di?n),Awareness,,https://docs.google.com/document/d/13KsffiHTG1UyAqArIjEO6mCvDpPYI-NQ7wZP5x1GXAY/edit?tab=t.0,?ã nh?n xét,,,,,,,,,,,,,,
,,1,In Editing,??u t?,Cho ng??i m?i,Cách ??u t?,cách ??u t? ch?ng khoán v?i s? v?n nh?,Cách ??u t? ch?ng khoán v?i s? v?n nh?,,Cách ??u t? ch?ng khoán v?i s? v?n nh? cho ng??i m?i,"Sinh viên, Nhân viên v?n phòng",Comprehensive Guide (H??ng d?n toàn di?n),Awareness,,https://docs.google.com/document/d/1sKAva5y32WLE8m2zsNzuLCBqihLs4J6uNJpf2chw4dM/edit?tab=t.0,??t,,,,,,,,,,,,,,
,,1,In Editing,??u t?,Cho ng??i m?i,Cách ??u t?,cách mua c? phi?u,cách mua c? phi?u,,Cách mua c? phi?u online cho ng??i m?i b?t ??u,"Sinh viên, Nhân viên v?n phòng",Comprehensive Guide (H??ng d?n toàn di?n),Awareness,,https://docs.google.com/document/d/158_3V9Z_Zn7B9tJ7DMP1q-CSvGZzEj9JCaDQ1xOapX0/edit?tab=t.0,?ã nh?n xét,,,,,,,,,,,,,,
,,2,Researching,??u t?,Cho ng??i m?i,Cách mua c? phi?u,Cách mua c? phi?u mb bank,Cách mua c? phi?u mb bank,,,Nhân viên v?n phòng,How-To Guide (H??ng d?n cách làm),Awareness,"Cách mua c? phi?u {mã c? phi?u}: b??c 1, b??c 2,..
??u t? ch?ng khoán MBB an toàn, hi?u qu? v?i h? sinh thái HVS => ??u t? mô ph?ng,",,,,,,,,,,,,,,,,
,,2,Researching,??u t?,Cho ng??i m?i,Cách mua c? phi?u,Cách mua c? phi?u VCB,Cách mua c? phi?u VCB,,,Nhân viên v?n phòng,How-To Guide (H??ng d?n cách làm),Awareness,,,,,,,,,,,,,,,,,
,,2,Researching,??u t?,Cho ng??i m?i,Cách mua c? phi?u,cách mua c? phi?u fpt,cách mua c? phi?u fpt,,,Nhân viên v?n phòng,How-To Guide (H??ng d?n cách làm),Awareness,,,,,,,,,,,,,,,,,
,,2,Researching,??u t?,Cho ng??i m?i,Cách mua c? phi?u,Cách mua c? phi?u Vinamilk,Cách mua c? phi?u Vinamilk,,,Nhân viên v?n phòng,How-To Guide (H??ng d?n cách làm),Awareness,,,,,,,,,,,,,,,,,
,,2,Researching,??u t?,Cho ng??i m?i,Cách mua c? phi?u,cách mua c? phi?u hòa phát,cách mua c? phi?u hòa phát,,,Nhân viên v?n phòng,How-To Guide (H??ng d?n cách làm),Awareness,,,,,,,,,,,,,,,,,
,,2,Researching,??u t?,Cho ng??i m?i,Cách mua c? phi?u,cách mua c? phi?u techcombank,cách mua c? phi?u techcombank,,,Nhân viên v?n phòng,How-To Guide (H??ng d?n cách làm),Awareness,,,,,,,,,,,,,,,,,
,,2,Researching,??u t?,Cho ng??i m?i,Cách mua c? phi?u,Cách mua c? phi?u FLC ,Cách mua c? phi?u FLC ,,,Nhân viên v?n phòng,How-To Guide (H??ng d?n cách làm),Awareness,,,,,,,,,,,,,,,,,
,,2,Researching,??u t?,Cho ng??i m?i,Cách mua c? phi?u,cách mua c? phi?u vingroup,cách mua c? phi?u vingroup,,,Nhân viên v?n phòng,How-To Guide (H??ng d?n cách làm),Awareness,,,,,,,,,,,,,,,,,
,,2,Researching,??u t?,Cho ng??i m?i,Cách mua c? phi?u,Cách mua c? phi?u ACB,Cách mua c? phi?u ACB,,,Nhân viên v?n phòng,How-To Guide (H??ng d?n cách làm),Awareness,,,,,,,,,,,,,,,,,
,,2,Researching,??u t?,Cho ng??i m?i,Cách mua c? phi?u,cách mua c? phi?u MWG,cách mua c? phi?u MWG,,,Nhân viên v?n phòng,How-To Guide (H??ng d?n cách làm),Awareness,,,,,,,,,,,,,,,,,
,,2,Researching,??u t?,Cho ng??i m?i,Cách mua c? phi?u, cách mua c? phi?u VFS, cách mua c? phi?u VFS,,,Nhân viên v?n phòng,How-To Guide (H??ng d?n cách làm),Awareness,,,,,,,,,,,,,,,,,
,,2,Researching,??u t?,Cho ng??i m?i,Cách mua c? phi?u,Cách mua c? phi?u trên sàn HOSE,Cách mua c? phi?u trên sàn HOSE,,,Nhân viên v?n phòng,How-To Guide (H??ng d?n cách làm),Awareness,,,,,,,,,,,,,,,,,
,,2,Researching,??u t?,Cho ng??i m?i,Cách mua c? phi?u,Cách Mua C? Phi?u SSI,Cách Mua C? Phi?u SSI,,,Nhân viên v?n phòng,How-To Guide (H??ng d?n cách làm),Awareness,,,,,,,,,,,,,,,,,
,,2,Researching,??u t?,Cho ng??i m?i,Cách mua c? phi?u,Cách mua c? phi?u IPO,Cách mua c? phi?u IPO,,,Nhân viên v?n phòng,How-To Guide (H??ng d?n cách làm),Awareness,,,,,,,,,,,,,,,,,
,,2,Researching,??u t?,Cho ng??i m?i,Cách mua c? phi?u,cách mua c? phi?u pvd,cách mua c? phi?u pvd,,,Nhân viên v?n phòng,How-To Guide (H??ng d?n cách làm),Awareness,,,,,,,,,,,,,,,,,
,,2,Researching,??u t?,Cho ng??i m?i,Cách mua c? phi?u,cách mua c? phi?u bvh,cách mua c? phi?u bvh,,,Nhân viên v?n phòng,How-To Guide (H??ng d?n cách làm),Awareness,,,,,,,,,,,,,,,,,
,,2,Researching,??u t?,Cho ng??i m?i,Cách mua c? phi?u,cách mua c? phi?u bcm,cách mua c? phi?u bcm,,,Nhân viên v?n phòng,How-To Guide (H??ng d?n cách làm),Awareness,,,,,,,,,,,,,,,,,
,,2,Researching,??u t?,Cho ng??i m?i,Cách mua c? phi?u,cách mua c? phi?u nvl,cách mua c? phi?u nvl,,,Nhân viên v?n phòng,How-To Guide (H??ng d?n cách làm),Awareness,,,,,,,,,,,,,,,,,
,,2,Researching,??u t?,Cho ng??i m?i,Cách mua c? phi?u,cách mua c? phi?u pdr,cách mua c? phi?u pdr,,,Nhân viên v?n phòng,How-To Guide (H??ng d?n cách làm),Awareness,,,,,,,,,,,,,,,,,
,,2,Researching,??u t?,Cho ng??i m?i,Cách mua c? phi?u,cách mua c? phi?u vhm,cách mua c? phi?u vhm,,,Nhân viên v?n phòng,How-To Guide (H??ng d?n cách làm),Awareness,,,,,,,,,,,,,,,,,
,,2,Researching,??u t?,Cho ng??i m?i,Cách mua c? phi?u,Cách mua c? phi?u VRE,Cách mua c? phi?u VRE,,,Nhân viên v?n phòng,How-To Guide (H??ng d?n cách làm),Awareness,,,,,,,,,,,,,,,,,
,,2,Researching,??u t?,Cho ng??i m?i,Cách mua c? phi?u,Cách mua c? phi?u GAS,Cách mua c? phi?u GAS,,,Nhân viên v?n phòng,How-To Guide (H??ng d?n cách làm),Awareness,,,,,,,,,,,,,,,,,
,,2,Researching,??u t?,Cho ng??i m?i,Cách mua c? phi?u,Cách mua c? phi?u POW,Cách mua c? phi?u POW,,,Nhân viên v?n phòng,How-To Guide (H??ng d?n cách làm),Awareness,,,,,,,,,,,,,,,,,
,,2,Researching,??u t?,Cho ng??i m?i,Cách mua c? phi?u,Cách mua c? phi?u VJC,Cách mua c? phi?u VJC,,,Nhân viên v?n phòng,How-To Guide (H??ng d?n cách làm),Awareness,,,,,,,,,,,,,,,,,
,,2,Researching,??u t?,Cho ng??i m?i,Cách mua c? phi?u,Cách mua c? phi?u GVR,Cách mua c? phi?u GVR,,,Nhân viên v?n phòng,How-To Guide (H??ng d?n cách làm),Awareness,,,,,,,,,,,,,,,,,
,,2,Researching,??u t?,Cho ng??i m?i,Cách mua c? phi?u,Cách mua c? phi?u BID,Cách mua c? phi?u BID,,,Nhân viên v?n phòng,How-To Guide (H??ng d?n cách làm),Awareness,,,,,,,,,,,,,,,,,
,,2,Researching,??u t?,Cho ng??i m?i,Cách mua c? phi?u,Cách mua c? phi?u CTG,Cách mua c? phi?u CTG,,,Nhân viên v?n phòng,How-To Guide (H??ng d?n cách làm),Awareness,,,,,,,,,,,,,,,,,
,,2,Researching,??u t?,Cho ng??i m?i,Cách mua c? phi?u,Cách mua c? phi?u HDB,Cách mua c? phi?u HDB,,,Nhân viên v?n phòng,How-To Guide (H??ng d?n cách làm),Awareness,,,,,,,,,,,,,,,,,
,,2,Researching,??u t?,Cho ng??i m?i,Cách mua c? phi?u,Cách mua c? phi?u SHB,Cách mua c? phi?u SHB,,,Nhân viên v?n phòng,How-To Guide (H??ng d?n cách làm),Awareness,,,,,,,,,,,,,,,,,
,,2,Researching,??u t?,Cho ng??i m?i,Cách mua c? phi?u,Cách mua c? phi?u STB,Cách mua c? phi?u STB,,,Nhân viên v?n phòng,How-To Guide (H??ng d?n cách làm),Awareness,,,,,,,,,,,,,,,,,
,,2,Researching,??u t?,Cho ng??i m?i,Cách mua c? phi?u,Cách mua c? phi?u TPB,Cách mua c? phi?u TPB,,,Nhân viên v?n phòng,How-To Guide (H??ng d?n cách làm),Awareness,,,,,,,,,,,,,,,,,
,,2,Researching,??u t?,Cho ng??i m?i,Cách mua c? phi?u,Cách mua c? phi?u VIB,Cách mua c? phi?u VIB,,,Nhân viên v?n phòng,How-To Guide (H??ng d?n cách làm),Awareness,,,,,,,,,,,,,,,,,
,,2,Researching,??u t?,Cho ng??i m?i,Cách mua c? phi?u,Cách mua c? phi?u MSN,Cách mua c? phi?u MSN,,,Nhân viên v?n phòng,How-To Guide (H??ng d?n cách làm),Awareness,,,,,,,,,,,,,,,,,
,,2,Researching,??u t?,Cho ng??i m?i,Cách mua c? phi?u,Cách mua c? phi?u SAB,Cách mua c? phi?u SAB,,,Nhân viên v?n phòng,How-To Guide (H??ng d?n cách làm),Awareness,,,,,,,,,,,,,,,,,
,,2,Researching,??u t?,Cho ng??i m?i,Ch? s? ch?ng khoán,ch? s? nikkei là gì,ch? s? nikkei là gì,,,,,,,,,,,,,,,,,,,,,,
,,2,Researching,??u t?,Cho ng??i m?i,Ch? s? ch?ng khoán,Ch? s? DAX là gì,Ch? s? DAX là gì,,,,,,,,,,,,,,,,,,,,,,
,,2,Researching,??u t?,Cho ng??i m?i,Ch? s? ch?ng khoán,ch? s? dow jones,ch? s? dow jones,,,,,,,,,,,,,,,,,,,,,,
,,2,Researching,??u t?,Cho ng??i m?i,Ch? s? ch?ng khoán,ch? s? nasdaq là gì,ch? s? nasdaq là gì,,,,,,,,,,,,,,,,,,,,,,
,,2,Researching,??u t?,Cho ng??i m?i,Ch? s? ch?ng khoán,Ch? s? msci là gì,Ch? s? msci là gì,,,,,,,,,,,,,,,,,,,,,,
,,2,Researching,??u t?,Cho ng??i m?i,Ch? s? ch?ng khoán,Ch? s? DXY là gì,Ch? s? DXY là gì,,,,,,,,,,,,,,,,,,,,,,
,,2,Researching,??u t?,Cho ng??i m?i,Ch? s? ch?ng khoán,Ch? s? VN-Index là gì,Ch? s? VN-Index là gì,,,,,,,,,,,,,,,,,,,,,,
,,2,Researching,??u t?,Cho ng??i m?i,Ch? s? ch?ng khoán,Ch? s? VN30-Index là gì,Ch? s? VN30-Index là gì,,,,,,,,,,,,,,,,,,,,,,
,,2,Researching,??u t?,Cho ng??i m?i,Ch? s? ch?ng khoán,Ch? s? HNX Index,Ch? s? HNX Index,,,,,,,,,,,,,,,,,,,,,,
,,1,In Editing,??u t?,Cho ng??i m?i,Ch? s? ch?ng khoán,các ch? s? ch?ng khoán vi?t nam,các ch? s? ch?ng khoán vi?t nam,,Các ch? s? ch?ng khoán Vi?t Nam ph? bi?n cho ng??i m?i,"Sinh viên, Nhân viên v?n phòng",,,,https://docs.google.com/document/d/1HmJ-KCWNQNyHGnWRfdQYAylHv7thVeb0_KLfvA2b3yQ/edit?tab=t.0,?ã nh?n xét,,,,,,,,,,,,,,
,,1,In Editing,??u t?,Cho ng??i m?i,Ch? s? ch?ng khoán,ch? s? ch?ng khoán châu Á,ch? s? ch?ng khoán châu Á,,,,,,,https://docs.google.com/document/d/1zos71V-5iVKggAcjbe1ZZD3cCL1qz1bvNqAm46Sxz5Y/edit?tab=t.0,?ã nh?n xét,,,,,,,,,,,,,,
,,1,In Editing,??u t?,Cho ng??i m?i,Ch? s? ch?ng khoán,ch? s? ch?ng khoán th? gi?i,ch? s? ch?ng khoán th? gi?i,,,,,,,https://docs.google.com/document/d/1f3j4kC3dejD2XIGXCpx5oeOCArkZXzmMMXrcvekxEf0/edit?tab=t.0,?ã nh?n xét,,,,,,,,,,,,,,
,,,Researching,??u t?,Cho ng??i m?i,Ch? s? ch?ng khoán,ch? s? hang seng là gì,ch? s? hang seng là gì,,,,,,,,,,,,,,,,,,,,,,
,,,Researching,??u t?,Kinh t? v? mô,Ch? tiêu kinh t?,grdp là gì,grdp là gì,,,,,,,,,,,,,,,,,,,,,,
,,,Published,??u t?,Kinh t? v? mô,Ch? tiêu kinh t?,L?m phát và lãi su?t,L?m phát và lãi su?t,,,,,,,,,,,,,,,,,,,,,,
,,,Researching,??u t?,Kinh t? v? mô,Ch? tiêu kinh t?,gdp ppp là gì,gdp ppp là gì,,,,,,,,,,,,,,,,,,,,,,
,,,Published,??u t?,Kinh t? v? mô,Ch? tiêu kinh t?,l?m phát là gì,l?m phát là gì,,,,,,,,,,,,,,,,,,,,,,
,,,Researching,??u t?,Kinh t? v? mô,Ch? tiêu kinh t?,ch? s? pce,ch? s? pce,,,,,,,,,,,,,,,,,,,,,,
,,,Researching,??u t?,Kinh t? v? mô,Ch? tiêu kinh t?,cpi là gì,cpi là gì,,,,,,,,,,,,,,,,,,,,,,
,,,Researching,??u t?,Kinh t? v? mô,Ch? tiêu kinh t?,Ch? s? PPI là gì,Ch? s? PPI là gì,,,,,,,,,,,,,,,,,,,,,,
,,,Published,??u t?,Kinh t? v? mô,Ch? tiêu kinh t?,Lãi su?t ?i?u hành là gì,Lãi su?t ?i?u hành là gì,,,,,,,,,,,,,,,,,,,,,,
,,,Researching,??u t?,Kinh t? v? mô,Ch? tiêu kinh t?,cpi c?t lõi là gì,cpi c?t lõi là gì,,,,,,,,,,,,,,,,,,,,,,
,,,Published,??u t?,Kinh t? v? mô,Ch? tiêu kinh t?,Lãi su?t th?c là gì,Lãi su?t th?c là gì,,,,,,,,,,,,,,,,,,,,,,
,,,Published,??u t?,Kinh t? v? mô,Ch? tiêu kinh t?,fpi là gì,fpi là gì,,,,,,,,,,,,,,,,,,,,,,
,,,Published,??u t?,Kinh t? v? mô,Ch? tiêu kinh t?,iip là gì,iip là gì,,,,,,,,,,,,,,,,,,,,,,
,,,Researching,??u t?,Kinh t? v? mô,Ch? tiêu kinh t?,L?i nhu?n ròng và l?i nhu?n sau thu?,L?i nhu?n ròng và l?i nhu?n sau thu?,,,,,,,,,,,,,,,,,,,,,,
,,,Researching,??u t?,Kinh t? v? mô,Ch? tiêu kinh t?,gi?m phát là gì,gi?m phát là gì,,,,,,,,,,,,,,,,,,,,,,
,,,Published,??u t?,Kinh t? v? mô,Ch? tiêu kinh t?,cán cân th??ng m?i là gì,cán cân th??ng m?i là gì,,,,,,,,,,,,,,,,,,,,,,
,,,Researching,??u t?,Kinh t? v? mô,Ch? tiêu kinh t?,ch? s? pmi,ch? s? pmi,,,,,,,,,,,,,,,,,,,,,,
,,,Researching,??u t?,Kinh t? v? mô,Ch? tiêu kinh t?, gi? hàng tiêu dùng, gi? hàng tiêu dùng,,,,,,,,,,,,,,,,,,,,,,
,,,Researching,??u t?,Kinh t? v? mô,Ch? tiêu kinh t?,Kh?ng ho?ng kinh t? là gì,Kh?ng ho?ng kinh t? là gì,,,,,,,,,,,,,,,,,,,,,,
,,,Researching,??u t?,Kinh t? v? mô,Ch? tiêu kinh t?,Siêu l?m phát là gì,Siêu l?m phát là gì,,,,,,,,,,,,,,,,,,,,,,
,,,Researching,??u t?,Kinh t? v? mô,Ch? tiêu kinh t?,Suy thoái kinh t? là gì,Suy thoái kinh t? là gì,,,,,,,,,,,,,,,,,,,,,,
,,,Published,??u t?,Kinh t? v? mô,Ch? tiêu kinh t?,gdp là gì,gdp là gì,,,,,,,,,,,,,,,,,,,,,,
,,,Published,??u t?,Kinh t? v? mô,Ch? tiêu kinh t?,t? giá là gì,t? giá là gì,,,,,,,,,,,,,,,,,,,,,,
,,,Published,??u t?,Kinh t? v? mô,Ch? tiêu kinh t?,lãi su?t là gì,lãi su?t là gì,,,,,,,,,,,,,,,,,,,,,,
,,,Published,??u t?,Kinh t? v? mô,Ch? tiêu kinh t?,t?ng tr??ng tín d?ng,t?ng tr??ng tín d?ng,,,,,,,,,,,,,,,,,,,,,,
,,,Published,??u t?,Kinh t? v? mô,Ch? tiêu kinh t?,n? công là gì,n? công là gì,,,,,,,,,,,,,,,,,,,,,,
,,,Published,??u t?,Kinh t? v? mô,Ch? tiêu kinh t?,FDI là gì,FDI là gì,,,,,,,,,,,,,,,,,,,,,,
,,,Published,??u t?,Kinh t? v? mô,Ch? tiêu kinh t?,PMI là gì,PMI là gì,,,,,,,,,,,,,,,,,,,,,,
,,,Published,??u t?,Kinh t? v? mô,Ch? tiêu kinh t?,T? l? th?t nghi?p là gì,T? l? th?t nghi?p là gì,,,,,,,,,,,,,,,,,,,,,,
,,,Published,??u t?,Kinh t? v? mô,Chính sách tài khóa,??u t? công là gì,??u t? công là gì,,,,,,,,,,,,,,,,,,,,,,
,,,Researching,??u t?,Kinh t? v? mô,Chính sách tài khóa,V?n ODA là gì,V?n ODA là gì,,,,,,,,,,,,,,,,,,,,,,
,,,Researching,??u t?,Kinh t? v? mô,Chính sách tài khóa,Chính sách công,Chính sách công,,,,,,,,,,,,,,,,,,,,,,
,,,Researching,??u t?,Kinh t? v? mô,Chính sách tài khóa,S? nhân tài khóa là gì,S? nhân tài khóa là gì,,,,,,,,,,,,,,,,,,,,,,
,,,Published,??u t?,Kinh t? v? mô,Chính sách tài khóa,Chính sách tài khóa là gì,Chính sách tài khóa là gì,,,,,,,,,,,,,,,,,,,,,,
,,,Published,??u t?,Kinh t? v? mô,Chính sách tài khóa,Ngân sách nhà n??c là gì,Ngân sách nhà n??c là gì,,,,,,,,,,,,,,,,,,,,,,
,,,Published,??u t?,Kinh t? v? mô,Chính sách tài khóa,thu? là gì,thu? là gì,,,,,,,,,,,,,,,,,,,,,,
,,,Published,??u t?,Kinh t? v? mô,Chính sách tài khóa,chính sách công là gì,chính sách công là gì,,,,,,,,,,,,,,,,,,,,,,
,,,Published,??u t?,Kinh t? v? mô,Chính sách ti?n t?,Chính sách ti?n t? là gì,Chính sách ti?n t? là gì,,,,,,,,,,,,,,,,,,,,,,
,,,Researching,??u t?,Kinh t? v? mô,Chính sách ti?n t?,cung ti?n là gì,cung ti?n là gì,,,,,,,,,,,,,,,,,,,,,,
,,,Researching,??u t?,Kinh t? v? mô,Chính sách ti?n t?,t? l? d? tr? b?t bu?c là gì,t? l? d? tr? b?t bu?c là gì,,,,,,,,,,,,,,,,,,,,,,
,,,Researching,??u t?,Kinh t? v? mô,Chính sách ti?n t?,th? tr??ng ti?n t? là gì,th? tr??ng ti?n t? là gì,,,,,,,,,,,,,,,,,,,,,,
,,,Researching,??u t?,Kinh t? v? mô,Chính sách ti?n t?,C?u ti?n là gì,C?u ti?n là gì,,,,,,,,,,,,,,,,,,,,,,
,,,Researching,??u t?,Kinh t? v? mô,Chính sách ti?n t?,omo là gì,omo là gì,,,,,,,,,,,,,,,,,,,,,,
,,,Researching,??u t?,Kinh t? v? mô,Chính sách ti?n t?,ECB là gì,ECB là gì,,,,,,,,,,,,,,,,,,,,,,
,,,Researching,??u t?,Kinh t? v? mô,Chính sách ti?n t?,Nghi?p v? th? tr??ng m? là gì,Nghi?p v? th? tr??ng m? là gì,,,,,,,,,,,,,,,,,,,,,,
,,,Researching,??u t?,Kinh t? v? mô,Chính sách ti?n t?,D? tr? ngo?i h?i nhà n??c là gì,D? tr? ngo?i h?i nhà n??c là gì,,,,,,,,,,,,,,,,,,,,,,
,,,Researching,??u t?,Kinh t? v? mô,Chính sách ti?n t?,Tín phi?u kho b?c là gì,Tín phi?u kho b?c là gì,,,,,,,,,,,,,,,,,,,,,,
,,,Researching,??u t?,Kinh t? v? mô,Chính sách ti?n t?,Dòng ti?n nóng là gì,Dòng ti?n nóng là gì,,,,,,,,,,,,,,,,,,,,,,
,,,Researching,??u t?,Kinh t? v? mô,Chính sách ti?n t?,room tín d?ng là gì,room tín d?ng là gì,,,,,,,,,,,,,,,,,,,,,,
,,,Published,??u t?,Kinh t? v? mô,Chính sách ti?n t?,Lãi su?t liên ngân hàng là gì,Lãi su?t liên ngân hàng là gì,,,,,,,,,,,,,,,,,,,,,,
,,,Published,??u t?,Kinh t? v? mô,Chính sách ti?n t?,Ngân hàng nhà n??c là gì,Ngân hàng nhà n??c là gì,,,,,,,,,,,,,,,,,,,,,,
,,,Published,??u t?,Kinh t? v? mô,Chính sách ti?n t?,Liên ngân hàng là gì,Liên ngân hàng là gì,,,,,,,,,,,,,,,,,,,,,,
,,,Published,??u t?,Kinh t? v? mô,Chính sách ti?n t?,Tín phi?u là gì,Tín phi?u là gì,,,,,,,,,,,,,,,,,,,,,,
,,,Published,??u t?,Kinh t? v? mô,Chính sách ti?n t?,D? tr? ngo?i h?i là gì,D? tr? ngo?i h?i là gì,,,,,,,,,,,,,,,,,,,,,,
,,,Published,??u t?,Kinh t? v? mô,Chính sách ti?n t?,Cung ti?n là gì,Cung ti?n là gì,,,,,,,,,,,,,,,,,,,,,,
,,1,Researching,??u t?,Cho ng??i m?i,ch?ng ch?,ch?ng ch? cfa,ch?ng ch? cfa,,,Sinh viên,Informational (Thông tin),Awareness,,,,,,,,,,,,,,,,,
,,1,Researching,??u t?,Cho ng??i m?i,ch?ng ch?,ch?ng ch? cmt,ch?ng ch? cmt,,,Sinh viên,Informational (Thông tin),Awareness,,,,,,,,,,,,,,,,,
,,1,Researching,??u t?,Cho ng??i m?i,ch?ng ch?,ch?ng ch? cpa,ch?ng ch? cpa,,,Sinh viên,Informational (Thông tin),Awareness,,,,,,,,,,,,,,,,,
,,1,Researching,??u t?,Cho ng??i m?i,ch?ng ch?,ch?ng ch? hành ngh? ch?ng khoán,ch?ng ch? hành ngh? ch?ng khoán,,,Sinh viên,Informational (Thông tin),Awareness,,,,,,,,,,,,,,,,,
,,1,Researching,??u t?,Cho ng??i m?i,ch?ng ch?,ch?ng ch? tài chính,ch?ng ch? tài chính,,,Sinh viên,Informational (Thông tin),Awareness,,,,,,,,,,,,,,,,,
,,1,Researching,??u t?,Phát tri?n b?n thân,ch?ng ch?,ch?ng ch? MOS,ch?ng ch? MOS,,,Sinh viên,Informational (Thông tin),Awareness,,,,,,,,,,,,,,,,,
,,1,Researching,??u t?,Phát tri?n b?n thân,ch?ng ch?,ch?ng ch? IC3,ch?ng ch? IC3,,,Sinh viên,Informational (Thông tin),Awareness,,,,,,,,,,,,,,,,,
,,2,In Editing,??u t?,Ch?ng ch? qu?,Ch?ng ch? qu?,ch?ng ch? qu? t?t nh?t hi?n nay,ch?ng ch? qu? t?t nh?t hi?n nay,,,,,,,https://docs.google.com/document/d/1LbEL3Dt86pGVriH3kLvvAPTy7v_0XvSJCqoo-7R5z44/edit?tab=t.0#heading=h.p5ifpg4ylnz4,,,,,,,,,,,,,,,
,,2,In Editing,??u t?,Ch?ng ch? qu?,Ch?ng ch? qu?,ch?ng ch? qu? là gì,ch?ng ch? qu? là gì,,,,,,,https://docs.google.com/document/d/1SkQFvP51HFCPABDCUVkSd_k8g67OSw4qlnXT51YrDbc/edit?tab=t.0#heading=h.pf2gaeltzyn9,,,,,,,,,,,,,,,
,,,Researching,??u t?,Cho ng??i m?i,Ch?ng ch? qu?,Qu? m? là gì,Qu? m? là gì,,,,,,,,,,,,,,,,,,,,,,
,,2,In Editing,??u t?,Cho ng??i m?i,Ch?ng ch? qu?,Nên ??u t? qu? m? hay qu? etf,Nên ??u t? qu? m? hay qu? etf,,,,,,,https://docs.google.com/document/d/1scm8LogXwszmxKldos3mabxZZWa6iw1ZodvgpBbI-1o/edit?tab=t.0,,,,,,,,,,,,,,,
,,2,In Editing,??u t?,Cho ng??i m?i,Ch?ng ch? qu?,??u t? etf,??u t? etf,,,,,,,https://docs.google.com/document/d/1dlFsl2feeYAvps-dwCsKFJownTRSA53IHbqU-fYnoos/edit?tab=t.0,,,,,,,,,,,,,,,
,,2,In Editing,??u t?,Cho ng??i m?i,Ch?ng ch? qu?,qu? etf t?i vi?t nam,qu? etf t?i vi?t nam,,,,,,,https://docs.google.com/document/d/1LYFG0TweBWwSihE8GAGYEPbS25jtENg6LhbgVe8bdXg/edit?tab=t.0,,,,,,,,,,,,,,,
,,2,Researching,??u t?,Cho ng??i m?i,Ch?ng ch? qu?,etf là gì,etf là gì,,,,,,,,,,,,,,,,,,,,,,
,,2,Researching,??u t?,Cho ng??i m?i,Ch?ng ch? qu?,quy trình hoán ??i danh m?c ETF,quy trình hoán ??i danh m?c ETF,,,,,,,,,,,,,,,,,,,,,,
,,2,Researching,??u t?,Cho ng??i m?i,Ch?ng ch? qu?,Nên ??u t? qu? ETF nào,Nên ??u t? qu? ETF nào,,,,,,,,,,,,,,,,,,,,,,
,,2,Researching,??u t?,Cho ng??i m?i,Ch?ng ch? qu?,Phân bi?t qu? ETF và qu? t??ng h?,Phân bi?t qu? ETF và qu? t??ng h?,,,,,,,,,,,,,,,,,,,,,,
,,,Researching,??u t?,Cho ng??i m?i,ch?ng khoán,so sánh forex và ch?ng khoán,so sánh forex và ch?ng khoán,,,,,,,,,,,,,,,,,,,,,,
,,,Researching,??u t?,Cho ng??i m?i,ch?ng khoán,app theo dõi ch?ng khoán,app theo dõi ch?ng khoán,,,,,,,,,,,,,,,,,,,,,,
,,,Researching,??u t?,Cho ng??i m?i,ch?ng khoán,app ??u t? ch?ng khoán,app ??u t? ch?ng khoán,,,,,,,,,,,,,,,,,,,,,,
,,,Researching,??u t?,Cho ng??i m?i,ch?ng khoán,qu?n lý danh m?c ??u t? ch?ng khoán,qu?n lý danh m?c ??u t? ch?ng khoán,,,,,,,,,,,,,,,,,,,,,,
,,,Researching,??u t?,Cho ng??i m?i,ch?ng khoán,Call margin là gì,Call margin là gì,,,,,,,,,,,,,,,,,,,,,,
,,,Researching,??u t?,Cho ng??i m?i,ch?ng khoán,c?t margin là gì,c?t margin là gì,,,,,,,,,,,,,,,,,,,,,,
,,,Researching,??u t?,Cho ng??i m?i,ch?ng khoán,Margin là gì,Margin là gì,,,,,,,,,,,,,,,,,,,,,,
,,,Researching,??u t?,Cho ng??i m?i,ch?ng khoán,full margin là gì,full margin là gì,,,,,,,,,,,,,,,,,,,,,,
,,,Researching,??u t?,Cho ng??i m?i,ch?ng khoán,bán kh?ng là gì,bán kh?ng là gì,,,,,,,,,,,,,,,,,,,,,,
,,2,Researching,??u t?,Cho ng??i m?i,ch?ng khoán,sàn giao d?ch ch?ng khoán là gì,sàn giao d?ch ch?ng khoán là gì,,,,,,,,,,,,,,,,,,,,,,
,,,Researching,??u t?,Cho ng??i m?i,ch?ng khoán,Trading là gì,Trading là gì,,,,,,,,,,,,,,,,,,,,,,
,,,Researching,??u t?,Cho ng??i m?i,ch?ng khoán,d? mua d? bán là gì,d? mua d? bán là gì,,,,,,,,,,,,,,,,,,,,,,
,,2,Researching,??u t?,Cho ng??i m?i,ch?ng khoán,Các màu trong ch?ng khoán,Các màu trong ch?ng khoán,,,,,,,,,,,,,,,,,,,,,,
,,,Researching,??u t?,Cho ng??i m?i,ch?ng khoán,dca là gì,dca là gì,,,,,,,,,,,,,,,,,,,,,,
,,,Researching,??u t?,Cho ng??i m?i,ch?ng khoán,?i?m trong ch?ng khoán là gì,?i?m trong ch?ng khoán là gì,,,,,,,,,,,,,,,,,,,,,,
,,,Researching,??u t?,Cho ng??i m?i,ch?ng khoán,nyse là gì,nyse là gì,,,,,,,,,,,,,,,,,,,,,,
,,,Researching,??u t?,Cho ng??i m?i,ch?ng khoán,l?nh mtl là gì,l?nh mtl là gì,,,,,,,,,,,,,,,,,,,,,,
,,,Researching,??u t?,Cho ng??i m?i,ch?ng khoán,?ng tr??c ti?n bán ch?ng khoán là gì,?ng tr??c ti?n bán ch?ng khoán là gì,,,,,,,,,,,,,,,,,,,,,,
,,,Researching,??u t?,Cho ng??i m?i,ch?ng khoán,sec là gì,sec là gì,,,,,,,,,,,,,,,,,,,,,,
,,,Researching,??u t?,Cho ng??i m?i,ch?ng khoán,di?n ?àn ch?ng khoán,di?n ?àn ch?ng khoán,,,,,,,,,,,,,,,,,,,,,,
,,,Researching,??u t?,Cho ng??i m?i,ch?ng khoán,kh?i ngo?i ch?ng khoán là gì,kh?i ngo?i ch?ng khoán là gì,,,,,,,,,,,,,,,,,,,,,,
,,2,Researching,??u t?,Cho ng??i m?i,ch?ng khoán,gi? giao d?ch ch?ng khoán,gi? giao d?ch ch?ng khoán,,,,,,,,,,,,,,,,,,,,,,
,,,Researching,??u t?,Cho ng??i m?i,ch?ng khoán,Có nên ??u t? ch?ng khoán không,Có nên ??u t? ch?ng khoán không,,,,,,,,,,,,,,,,,,,,,,
,,,Researching,??u t?,Cho ng??i m?i,ch?ng khoán,giá tr?n giá sàn,giá tr?n giá sàn,,,,,,,,,,,,,,,,,,,,,,
,,,Researching,??u t?,Cho ng??i m?i,ch?ng khoán,môi gi?i ch?ng khoán là gì,môi gi?i ch?ng khoán là gì,,,,,,,,,,,,,,,,,,,,,,
,,,Researching,??u t?,Cho ng??i m?i,ch?ng khoán,So sánh kênh ??u t? vàng và ??u t? ch?ng khoán,So sánh kênh ??u t? vàng và ??u t? ch?ng khoán,,,,,,,,,,,,,,,,,,,,,,
,,,Researching,??u t?,Cho ng??i m?i,ch?ng khoán,kinh nghi?m ch?i ch?ng khoán,kinh nghi?m ch?i ch?ng khoán,,,,,,,,,,,,,,,,,,,,,,
,,,Researching,??u t?,Cho ng??i m?i,ch?ng khoán,ch?i ch?ng khoán có giàu không,ch?i ch?ng khoán có giàu không,,,,,,,,,,,,,,,,,,,,,,
,,,Researching,??u t?,Cho ng??i m?i,ch?ng khoán,?òn b?y tài chính trong ??u t? ch?ng khoán,?òn b?y tài chính trong ??u t? ch?ng khoán,,,,,,,,,,,,,,,,,,,,,,
,,,Researching,??u t?,Cho ng??i m?i,ch?ng khoán,T? v?n ch?ng khoán là gì,T? v?n ch?ng khoán là gì,,,,,,,,,,,,,,,,,,,,,,
,,,Researching,??u t?,Cho ng??i m?i,ch?ng khoán,ng??i giàu nh?t sàn ch?ng khoán vi?t nam,ng??i giàu nh?t sàn ch?ng khoán vi?t nam,,,,,,,,,,,,,,,,,,,,,,
,,,Researching,??u t?,Cho ng??i m?i,ch?ng khoán,ipo là gì,ipo là gì,,,,,,,,,,,,,,,,,,,,,,
,,,Researching,??u t?,Cho ng??i m?i,ch?ng khoán,Nhà ??u t? ch?ng khoán chuyên nghi?p là gì,Nhà ??u t? ch?ng khoán chuyên nghi?p là gì,,,,,,,,,,,,,,,,,,,,,,
,,,Researching,??u t?,Cho ng??i m?i,ch?ng khoán,Sàn OTC là gì,Sàn OTC là gì,,,,,,,,,,,,,,,,,,,,,,
,,,Researching,??u t?,Cho ng??i m?i,ch?ng khoán,nav là gì,nav là gì,,,,,,,,,,,,,,,,,,,,,,
,,,Researching,??u t?,Cho ng??i m?i,ch?ng khoán,t? doanh ch?ng khoán là gì,t? doanh ch?ng khoán là gì,,,,,,,,,,,,,,,,,,,,,,
,,,Researching,??u t?,Cho ng??i m?i,ch?ng khoán,thao túng ch?ng khoán là gì,thao túng ch?ng khoán là gì,,,,,,,,,,,,,,,,,,,,,,
,,,Researching,??u t?,Cho ng??i m?i,ch?ng khoán,target trong ch?ng khoán là gì,target trong ch?ng khoán là gì,,,,,,,,,,,,,,,,,,,,,,
,,,Researching,??u t?,Cho ng??i m?i,ch?ng khoán,??i lái ch?ng khoán là gì,??i lái ch?ng khoán là gì,,,,,,,,,,,,,,,,,,,,,,
,,,Researching,??u t?,Cho ng??i m?i,ch?ng khoán,Dòng ti?n trong ch?ng khoán,Dòng ti?n trong ch?ng khoán,,,,,,,,,,,,,,,,,,,,,,
,,,Researching,??u t?,Cho ng??i m?i,ch?ng khoán,h? s? beta là gì,h? s? beta là gì,,,,,,,,,,,,,,,,,,,,,,
,,,Researching,??u t?,Cho ng??i m?i,ch?ng khoán,giao d?ch ch?ng khoán là gì,giao d?ch ch?ng khoán là gì,,,,,,,,,,,,,,,,,,,,,,
,,,Researching,??u t?,Cho ng??i m?i,ch?ng khoán,bullish là gì,bullish là gì,,,,,,,,,,,,,,,,,,,,,,
,,,Researching,??u t?,Cho ng??i m?i,ch?ng khoán,u? thác ??u t? ch?ng khoán,u? thác ??u t? ch?ng khoán,,,,,,,,,,,,,,,,,,,,,,
,,,Researching,??u t?,Cho ng??i m?i,ch?ng khoán,V?n hóa th? tr??ng là gì,V?n hóa th? tr??ng là gì,,,,,,,,,,,,,,,,,,,,,,
,,,Researching,??u t?,Cho ng??i m?i,ch?ng khoán,??u c? ch?ng khoán là gì,??u c? ch?ng khoán là gì,,,,,,,,,,,,,,,,,,,,,,
,,,Researching,??u t?,Cho ng??i m?i,ch?ng khoán,giao d?ch n?i gián,giao d?ch n?i gián,,,,,,,,,,,,,,,,,,,,,,
,,,Researching,??u t?,Cho ng??i m?i,ch?ng khoán,Sell in may and go away là gì,Sell in may and go away là gì,,,,,,,,,,,,,,,,,,,,,,
,,,Researching,??u t?,Cho ng??i m?i,ch?ng khoán,L?i nhu?n trong ??u t? ch?ng khoán,L?i nhu?n trong ??u t? ch?ng khoán,,,,,,,,,,,,,,,,,,,,,,
,,,Researching,??u t?,Cho ng??i m?i,ch?ng khoán,ce là gì,ce là gì,,,,,,,,,,,,,,,,,,,,,,
,,,Researching,??u t?,Cho ng??i m?i,ch?ng khoán,??u t? ch?ng khoán c?n bao nhiêu ti?n,??u t? ch?ng khoán c?n bao nhiêu ti?n,,,,,,,,,,,,,,,,,,,,,,
,,2,Researching,??u t?,Cho ng??i m?i,ch?ng khoán,biên ?? giao d?ch ch?ng khoán,biên ?? giao d?ch ch?ng khoán,,,,,,,,,,,,,,,,,,,,,,
,,,Researching,??u t?,Cho ng??i m?i,ch?ng khoán,quy ??nh giao d?ch ch?ng khoán,quy ??nh giao d?ch ch?ng khoán,,,,,,,,,,,,,,,,,,,,,,
,,,Researching,??u t?,Cho ng??i m?i,ch?ng khoán,L?u ký ch?ng khoán,L?u ký ch?ng khoán,,,,,,,,,,,,,,,,,,,,,,
,,,Researching,??u t?,Cho ng??i m?i,ch?ng khoán,th? tr??ng s? c?p,th? tr??ng s? c?p,,,,,,,,,,,,,,,,,,,,,,
,,,Researching,??u t?,Cho ng??i m?i,ch?ng khoán,C?t l? là gì,C?t l? là gì,,,,,,,,,,,,,,,,,,,,,,
,,,Researching,??u t?,Cho ng??i m?i,ch?ng khoán,Th? tr??ng phân hóa,Th? tr??ng phân hóa,,,,,,,,,,,,,,,,,,,,,,
,,,Researching,??u t?,Cho ng??i m?i,ch?ng khoán,Các sai l?m d?n t?i phá s?n trong ??u t? ch?ng khoán,Các sai l?m d?n t?i phá s?n trong ??u t? ch?ng khoán,,,,,,,,,,,,,,,,,,,,,,
,,,Researching,??u t?,Cho ng??i m?i,ch?ng khoán,chi?n l??c giao d?ch,chi?n l??c giao d?ch,,,,,,,,,,,,,,,,,,,,,,
,,,Researching,??u t?,Cho ng??i m?i,ch?ng khoán,phân b? tài s?n,phân b? tài s?n,,,,,,,,,,,,,,,,,,,,,,
,,2,Researching,??u t?,Cho ng??i m?i,ch?ng khoán,các lo?i l?nh trong ch?ng khoán,các lo?i l?nh trong ch?ng khoán,,,,,,,,,,,,,,,,,,,,,,
,,,Researching,??u t?,Cho ng??i m?i,ch?ng khoán,IMF là gì,IMF là gì,,,,,,,,,,,,,,,,,,,,,,
,,1,Researching,??u t?,Cho ng??i m?i,ch?ng khoán,các thu?t ng? ch?ng khoán,các thu?t ng? ch?ng khoán,,,"Sinh viên, Nhân viên v?n phòng",,,,,,,,,,,,,,,,,,,
,,1,In Editing,??u t?,Cho ng??i m?i,ch?ng khoán,ch?ng khoán là gì,Ch?ng khoán là gì,,,,,,,https://docs.google.com/document/d/1lzcTFOtJEgjO10XvR3OwwJcWOEwsPN2XfH8d9qvOUlw/edit?tab=t.0,?ã nh?n xét,,,,,,,,,,,,,,
,,1,In Editing,??u t?,Cho ng??i m?i,ch?ng khoán,tâm lý ??u t? ch?ng khoán,tâm lý ??u t? ch?ng khoán,,,,,,,https://docs.google.com/document/d/1_zP7wHZLmqs2sT0sIpDKVXYy5CP7oDdLrmH0cU0fQFM/edit?tab=t.0,?ã nh?n xét,,,,,,,,,,,,,,
,,,Researching,??u t?,Cho ng??i m?i,ch?ng khoán,biên ?? giao ??ng giá,biên ?? giao ??ng giá,,,,,,,,,,,,,,,,,,,,,,
,,,Researching,??u t?,Cho ng??i m?i,Có nên mua c? phi?u,Có nên mua c? phi?u POW,Có nên mua c? phi?u POW,,,,,,,,,,,,,,,,,,,,,,
,,,Researching,??u t?,Cho ng??i m?i,Có nên mua c? phi?u,Có nên mua c? phi?u HPG,Có nên mua c? phi?u HPG,,,,,,,,,,,,,,,,,,,,,,
,,,Researching,??u t?,Cho ng??i m?i,Có nên mua c? phi?u,Có nên mua c? phi?u PLX,Có nên mua c? phi?u PLX,,,,,,,,,,,,,,,,,,,,,,
,,,Researching,??u t?,Cho ng??i m?i,Có nên mua c? phi?u,có nên mua c? phi?u dig,có nên mua c? phi?u dig,,,,,,,,,,,,,,,,,,,,,,
,,,Researching,??u t?,Cho ng??i m?i,Có nên mua c? phi?u,Có nên mua c? phi?u HAG,Có nên mua c? phi?u HAG,,,,,,,,,,,,,,,,,,,,,,
,,,Researching,??u t?,Cho ng??i m?i,Có nên mua c? phi?u,Có nên mua c? phi?u TCB,Có nên mua c? phi?u TCB,,,,,,,,,,,,,,,,,,,,,,
,,,Researching,??u t?,Cho ng??i m?i,Có nên mua c? phi?u,Có nên mua c? phi?u SCR,Có nên mua c? phi?u SCR,,,,,,,,,,,,,,,,,,,,,,
,,,Researching,??u t?,Cho ng??i m?i,Có nên mua c? phi?u,Có nên mua c? phi?u GAS,Có nên mua c? phi?u GAS,,,,,,,,,,,,,,,,,,,,,,
,,,Researching,??u t?,Cho ng??i m?i,Có nên mua c? phi?u,Có nên mua c? phi?u PET,Có nên mua c? phi?u PET,,,,,,,,,,,,,,,,,,,,,,
,,,Researching,??u t?,Cho ng??i m?i,Có nên mua c? phi?u,Có nên mua c? phi?u PNJ,Có nên mua c? phi?u PNJ,,,,,,,,,,,,,,,,,,,,,,
,,,Researching,??u t?,Cho ng??i m?i,Có nên mua c? phi?u,Có nên mua c? phi?u SSI,Có nên mua c? phi?u SSI,,,,,,,,,,,,,,,,,,,,,,
,,,Researching,??u t?,Cho ng??i m?i,Có nên mua c? phi?u,Có nên mua c? phi?u VPB,Có nên mua c? phi?u VPB,,,,,,,,,,,,,,,,,,,,,,
,,,Researching,??u t?,Cho ng??i m?i,Có nên mua c? phi?u,Có nên mua c? phi?u ACB,Có nên mua c? phi?u ACB,,,,,,,,,,,,,,,,,,,,,,
,,,Researching,??u t?,Cho ng??i m?i,Có nên mua c? phi?u,Có nên mua c? phi?u VJC,Có nên mua c? phi?u VJC,,,,,,,,,,,,,,,,,,,,,,
,,,Researching,??u t?,Cho ng??i m?i,Có nên mua c? phi?u,Có nên mua c? phi?u TTF,Có nên mua c? phi?u TTF,,,,,,,,,,,,,,,,,,,,,,
,,,Researching,??u t?,Cho ng??i m?i,Có nên mua c? phi?u,Có nên mua c? phi?u LPB,Có nên mua c? phi?u LPB,,,,,,,,,,,,,,,,,,,,,,
,,,Researching,??u t?,Cho ng??i m?i,Có nên mua c? phi?u,Có nên mua c? phi?u BID,Có nên mua c? phi?u BID,,,,,,,,,,,,,,,,,,,,,,
,,,Researching,??u t?,Cho ng??i m?i,Có nên mua c? phi?u,Có nên mua c? phi?u VIB,Có nên mua c? phi?u VIB,,,,,,,,,,,,,,,,,,,,,,
,,,Researching,??u t?,Cho ng??i m?i,Có nên mua c? phi?u,Có nên mua c? phi?u MSB,Có nên mua c? phi?u MSB,,,,,,,,,,,,,,,,,,,,,,
,,,Researching,??u t?,Cho ng??i m?i,Có nên mua c? phi?u,Có nên mua c? phi?u ACV,Có nên mua c? phi?u ACV,,,,,,,,,,,,,,,,,,,,,,
,,,Researching,??u t?,Cho ng??i m?i,Có nên mua c? phi?u,Có nên mua c? phi?u IDJ,Có nên mua c? phi?u IDJ,,,,,,,,,,,,,,,,,,,,,,
,,,Researching,??u t?,Cho ng??i m?i,Có nên mua c? phi?u,Có nên mua c? phi?u HVN,Có nên mua c? phi?u HVN,,,,,,,,,,,,,,,,,,,,,,
,,,Researching,??u t?,Cho ng??i m?i,Có nên mua c? phi?u,Có nên mua c? phi?u VCB,Có nên mua c? phi?u VCB,,,,,,,,,,,,,,,,,,,,,,
,,,Researching,??u t?,Cho ng??i m?i,Có nên mua c? phi?u,Có nên mua c? phi?u DBC,Có nên mua c? phi?u DBC,,,,,,,,,,,,,,,,,,,,,,
,,,Researching,??u t?,Cho ng??i m?i,Có nên mua c? phi?u,Có nên mua c? phi?u TAR,Có nên mua c? phi?u TAR,,,,,,,,,,,,,,,,,,,,,,
,,,Researching,??u t?,Cho ng??i m?i,Có nên mua c? phi?u,Có nên mua c? phi?u REE,Có nên mua c? phi?u REE,,,,,,,,,,,,,,,,,,,,,,
,,,Researching,??u t?,Cho ng??i m?i,Có nên mua c? phi?u,Có nên mua c? phi?u STB,Có nên mua c? phi?u STB,,,,,,,,,,,,,,,,,,,,,,
,,,Researching,??u t?,Cho ng??i m?i,Có nên mua c? phi?u,Có nên mua c? phi?u FRT,Có nên mua c? phi?u FRT,,,,,,,,,,,,,,,,,,,,,,
,,,Researching,??u t?,Cho ng??i m?i,Có nên mua c? phi?u,Có nên mua c? phi?u MWG,Có nên mua c? phi?u MWG,,,,,,,,,,,,,,,,,,,,,,
,,,Researching,??u t?,Cho ng??i m?i,Có nên mua c? phi?u,Có nên mua c? phi?u SBT,Có nên mua c? phi?u SBT,,,,,,,,,,,,,,,,,,,,,,
,,2,In Editing,??u t?,Cho ng??i m?i,C? phi?u,C? phi?u OTC là gì,C? phi?u OTC là gì,,C? phi?u OTC là gì,,,,,https://docs.google.com/document/d/1TXnu_MtYniSO7WjQq7SACVsrbwvGNviWtCrI6SVXueA/edit?tab=t.0,,,,,,,,,,,,,,,
,,2,In Editing,??u t?,Cho ng??i m?i,C? phi?u,c? phi?u là gì,c? phi?u là gì,,,"Nhân viên v?n phòng, Sinh viên",Informational (Thông tin),Awareness,,https://docs.google.com/document/d/1JWdrULpnDIXm8fZxjjtvNI1WVXpNihJ2QOeP-QvgxHI/edit?tab=t.0#heading=h.lieshenl3uqu,,,,,,,,,,,,,,,
,,2,In Editing,??u t?,Cho ng??i m?i,C? phi?u,c? phi?u lô l? là gì,c? phi?u lô l? là gì,,,,,,,https://docs.google.com/document/d/1o5wNQpUxOuv2fwAO8UdUyqA8ZsCzxuEn4SfPplYvI68/edit?tab=t.0,,,,,,,,,,,,,,,
,,2,In Editing,??u t?,Cho ng??i m?i,C? phi?u,so sánh c? phi?u và ch?ng ch? qu? ??u t?,so sánh c? phi?u và ch?ng ch? qu? ??u t?,,,,,,,So sánh c? phi?u và ch?ng ch? qu?,,,,,,,,,,,,,,,
,,,Researching,??u t?,Cho ng??i m?i,C? phi?u,bán gi?i ch?p c? phi?u là gì,bán gi?i ch?p c? phi?u là gì,,,,,,,,,,,,,,,,,,,,,,
,,,Researching,??u t?,Cho ng??i m?i,C? phi?u,khi nào nên bán c? phi?u,khi nào nên bán c? phi?u,,,,,,,,,,,,,,,,,,,,,,
,,1,In Editing,??u t?,Cho ng??i m?i,C? phi?u,nên ??u t? c? phi?u nào,nên ??u t? c? phi?u nào,,,,,,,https://docs.google.com/document/d/142687Jq6NoMKqehOFsYGno0Gxkbqb74Mm5MpFHlQqVw/edit?tab=t.0,?ã nh?n xét,,,,,,,,,,,,,,
,,2,In Editing,??u t?,Cho ng??i m?i,C? phi?u,C? phi?u tr?ng bên mua là gì,C? phi?u tr?ng bên mua là gì,,,,,,,https://docs.google.com/document/d/1lsDXrvGtBi_5tGL0jChjDwY2WJFD3k2DVhrjgoHrtLY/edit?tab=t.0,,,,,,,,,,,,,,,
,,,Researching,??u t?,Cho ng??i m?i,C? phi?u,so sánh c? phi?u th??ng và c? phi?u ?u ?ãi,so sánh c? phi?u th??ng và c? phi?u ?u ?ãi,,,,,,,,,,,,,,,,,,,,,,
,,2,In Editing,??u t?,Cho ng??i m?i,C? phi?u,tr? c? t?c b?ng c? phi?u là gì,tr? c? t?c b?ng c? phi?u là gì,,,,,,,https://docs.google.com/document/d/1l1vE9j65A0teYQkdSmpwgqDui_Ss2GhAbyPBx-vgXP0/edit?tab=t.0,,,,,,,,,,,,,,,
,,2,In Editing,??u t?,Cho ng??i m?i,C? phi?u,c? phi?u tr? là gì,c? phi?u tr? là gì,,,,,,,https://docs.google.com/document/d/1DlrF93G9k7KbKPZ2HnVNULotUtD0N0Z6BPMA5iuDWrI/edit?tab=t.0,,,,,,,,,,,,,,,
,,2,In Editing,??u t?,Cho ng??i m?i,C? phi?u,th? giá c? phi?u là gì,th? giá c? phi?u là gì,,,,,,,https://docs.google.com/document/d/1h8LB1xCl-A0w_r4P1l1e8-NZ0Dt0suOpVY8-Q9bibF0/edit?tab=t.0,,,,,,,,,,,,,,,
,,2,In Editing,??u t?,Cho ng??i m?i,C? phi?u,c? phi?u b? h?y niêm y?t,c? phi?u b? h?y niêm y?t,,,,,,,https://docs.google.com/document/d/1iY7TKiNXFjz-9SxJh18rkLw4g98GmptKpwEA4EwUxM0/edit?tab=t.0,,,,,,,,,,,,,,,
,,2,In Editing,??u t?,Cho ng??i m?i,C? phi?u,c? phi?u th??ng là gì,c? phi?u th??ng là gì,,,,,,,https://docs.google.com/document/d/1Mhtl_1Rqi83yiJD-TBukKVGl079xrJiE8so47zM9pMM/edit?tab=t.0,,,,,,,,,,,,,,,
,,2,In Editing,??u t?,Cho ng??i m?i,C? phi?u,c? phi?u phòng th?,c? phi?u phòng th?,,,,,,,https://docs.google.com/document/d/1gQ9cOrMlsM6dYM5LwJc2fp20IxAsLilrZ1eZfJA98_0/edit?tab=t.0,,,,,,,,,,,,,,,
,,2,In Editing,??u t?,Cho ng??i m?i,C? phi?u,chia tách c? phi?u là gì,chia tách c? phi?u là gì,,,,,,,https://docs.google.com/document/d/1IX_h93yY5NqEf-zdG-g-uCoVVEb_uC8EvkBNnWLVKv0/edit?tab=t.0,,,,,,,,,,,,,,,
,,2,In Editing,??u t?,Cho ng??i m?i,C? phi?u,c? phi?u esop là gì,c? phi?u esop là gì,,,,,,,https://docs.google.com/document/d/19pyugxPjZHU7TXhW-61rsHjcRjqEvJIn0o3aByZzSzU/edit?tab=t.0,,,,,,,,,,,,,,,
,,2,In Editing,??u t?,Cho ng??i m?i,C? phi?u,pha loãng c? phi?u là gì,pha loãng c? phi?u là gì,,,,,,,https://docs.google.com/document/d/1fvXBxQN51Kck1PaOV34-jH2jrUcGq3fJF6ijTGzZn84/edit?tab=t.0#heading=h.3ffz09ay1ht1,,,,,,,,,,,,,,,
,,,Researching,??u t?,Cho ng??i m?i,C? phi?u,cách ch?n c? phi?u t?t,cách ch?n c? phi?u t?t,,,,,,,,,,,,,,,,,,,,,,
,,2,In Editing,??u t?,Cho ng??i m?i,C? phi?u,C? phi?u qu? là gì,C? phi?u qu? là gì,,,,,,,https://docs.google.com/document/d/1s8YLv8LmKHQd0ore1SIwb0qWjtCziHJJXR2AJ43YLGw/edit?tab=t.0,,,,,,,,,,,,,,,
,,2,In Editing,??u t?,Cho ng??i m?i,C? phi?u,c? phi?u ?u ?ãi là gì,c? phi?u ?u ?ãi là gì,,,,,,,https://docs.google.com/document/d/1s8YLv8LmKHQd0ore1SIwb0qWjtCziHJJXR2AJ43YLGw/edit?tab=t.0#heading=h.kvnuxlk9j9et,,,,,,,,,,,,,,,
,,2,In Editing,??u t?,Cho ng??i m?i,C? phi?u,c? phi?u penny là gì,c? phi?u penny là gì,,,,,,,https://docs.google.com/document/d/1QIucz_tKg7-e8Dw3hNAdBGsSOoNrFPt4u7fq2Z7IX4w/edit?tab=t.0,,,,,,,,,,,,,,,
,,,Researching,??u t?,Cho ng??i m?i,C? phi?u,mid cap là gì,mid cap là gì,,,,,,,,,,,,,,,,,,,,,,
,,,Researching,??u t?,Cho ng??i m?i,C? phi?u,blue chip là gì,blue chip là gì,,,,,,,,,,,,,,,,,,,,,,
,,,Researching,??u t?,Cho ng??i m?i,C? phi?u,C? t?c là gì,C? t?c là gì,,,,,,,,,,,,,,,,,,,,,,
,,,Researching,??u t?,Cho ng??i m?i,C? phi?u ngành,c? phi?u d?u khí,c? phi?u d?u khí,,,"Nhân viên v?n phòng, Sinh viên",Listicle (Bài vi?t d?ng danh sách),Awareness,,,,,,,,,,,,,,,,,
,,,Researching,??u t?,Cho ng??i m?i,C? phi?u ngành,c? phi?u c?ng bi?n,c? phi?u c?ng bi?n,,,"Nhân viên v?n phòng, Sinh viên",Listicle (Bài vi?t d?ng danh sách),Awareness,,,,,,,,,,,,,,,,,
,,,Researching,??u t?,Cho ng??i m?i,C? phi?u ngành,c? phi?u ngành ch?ng khoán,c? phi?u ngành ch?ng khoán,,,"Nhân viên v?n phòng, Sinh viên",Listicle (Bài vi?t d?ng danh sách),Awareness,,,,,,,,,,,,,,,,,
,,,Researching,??u t?,Cho ng??i m?i,C? phi?u ngành,c? phi?u ?i?n l?c,c? phi?u ?i?n l?c,,,"Nhân viên v?n phòng, Sinh viên",Listicle (Bài vi?t d?ng danh sách),Awareness,,,,,,,,,,,,,,,,,
,,,Researching,??u t?,Cho ng??i m?i,C? phi?u ngành,c? phi?u b?t ??ng s?n,c? phi?u b?t ??ng s?n,,,"Nhân viên v?n phòng, Sinh viên",Listicle (Bài vi?t d?ng danh sách),Awareness,,,,,,,,,,,,,,,,,
,,,Researching,??u t?,Cho ng??i m?i,C? phi?u ngành,c? phi?u ngành cao su,c? phi?u ngành cao su,,,"Nhân viên v?n phòng, Sinh viên",Listicle (Bài vi?t d?ng danh sách),Awareness,,,,,,,,,,,,,,,,,
,,,Researching,??u t?,Cho ng??i m?i,C? phi?u ngành,c? phi?u ngành d??c,c? phi?u ngành d??c,,,"Nhân viên v?n phòng, Sinh viên",Listicle (Bài vi?t d?ng danh sách),Awareness,,,,,,,,,,,,,,,,,
,,,Researching,??u t?,Cho ng??i m?i,C? phi?u ngành,c? phi?u ngành thép,c? phi?u ngành thép,,,"Nhân viên v?n phòng, Sinh viên",Listicle (Bài vi?t d?ng danh sách),Awareness,,,,,,,,,,,,,,,,,
,,,Researching,??u t?,Cho ng??i m?i,C? phi?u ngành,c? phi?u ngân hàng,c? phi?u ngân hàng,,,"Nhân viên v?n phòng, Sinh viên",Listicle (Bài vi?t d?ng danh sách),Awareness,,,,,,,,,,,,,,,,,
,,,Researching,??u t?,Cho ng??i m?i,C? phi?u ngành,c? phi?u ??u t? công,c? phi?u ??u t? công,,,"Nhân viên v?n phòng, Sinh viên",Listicle (Bài vi?t d?ng danh sách),Awareness,,,,,,,,,,,,,,,,,
,,,Researching,??u t?,Cho ng??i m?i,C? phi?u ngành,c? phi?u xu?t nh?p kh?u,c? phi?u xu?t nh?p kh?u,,,"Nhân viên v?n phòng, Sinh viên",Listicle (Bài vi?t d?ng danh sách),Awareness,,,,,,,,,,,,,,,,,
,,,Researching,??u t?,Cho ng??i m?i,C? phi?u ngành,c? phi?u ??u c?,c? phi?u ??u c?,,,"Nhân viên v?n phòng, Sinh viên",Listicle (Bài vi?t d?ng danh sách),Awareness,,,,,,,,,,,,,,,,,
,,,Researching,??u t?,Cho ng??i m?i,C? phi?u ngành,c? phi?u hàng không,c? phi?u hàng không,,,"Nhân viên v?n phòng, Sinh viên",Listicle (Bài vi?t d?ng danh sách),Awareness,,,,,,,,,,,,,,,,,
,,,Researching,??u t?,Cho ng??i m?i,C? phi?u ngành,c? phi?u ngành xây d?ng,c? phi?u ngành xây d?ng,,,"Nhân viên v?n phòng, Sinh viên",Listicle (Bài vi?t d?ng danh sách),Awareness,,,,,,,,,,,,,,,,,
,,,Researching,??u t?,Cho ng??i m?i,C? phi?u ngành,c? phi?u ngành d?t may,c? phi?u ngành d?t may,,,"Nhân viên v?n phòng, Sinh viên",Listicle (Bài vi?t d?ng danh sách),Awareness,,,,,,,,,,,,,,,,,
,,,Researching,??u t?,Cho ng??i m?i,C? phi?u ngành,c? phi?u ngành công ngh?,c? phi?u ngành công ngh?,,,"Nhân viên v?n phòng, Sinh viên",Listicle (Bài vi?t d?ng danh sách),Awareness,,,,,,,,,,,,,,,,,
,,,Researching,??u t?,Cho ng??i m?i,C? phi?u ngành,c? phi?u ngành th?y s?n,c? phi?u ngành th?y s?n,,,"Nhân viên v?n phòng, Sinh viên",Listicle (Bài vi?t d?ng danh sách),Awareness,,,,,,,,,,,,,,,,,
,,,Researching,??u t?,Cho ng??i m?i,C? phi?u ngành,c? phi?u ngành th?c ph?m,c? phi?u ngành th?c ph?m,,,"Nhân viên v?n phòng, Sinh viên",Listicle (Bài vi?t d?ng danh sách),Awareness,,,,,,,,,,,,,,,,,
,,,Researching,??u t?,Cho ng??i m?i,C? phi?u ngành,c? phi?u ngành bán l?,c? phi?u ngành bán l?,,,"Nhân viên v?n phòng, Sinh viên",Listicle (Bài vi?t d?ng danh sách),Awareness,,,,,,,,,,,,,,,,,
,,,Researching,??u t?,Cho ng??i m?i,C? phi?u ngành,c? phi?u ngành nh?a,c? phi?u ngành nh?a,,,"Nhân viên v?n phòng, Sinh viên",Listicle (Bài vi?t d?ng danh sách),Awareness,,,,,,,,,,,,,,,,,
,,,Researching,??u t?,Cho ng??i m?i,C? phi?u ngành,c? phi?u ngành du l?ch,c? phi?u ngành du l?ch,,,"Nhân viên v?n phòng, Sinh viên",Listicle (Bài vi?t d?ng danh sách),Awareness,,,,,,,,,,,,,,,,,
,,,Researching,??u t?,Cho ng??i m?i,C? phi?u ngành,c? phi?u ngành n?ng l??ng,c? phi?u ngành n?ng l??ng,,,"Nhân viên v?n phòng, Sinh viên",Listicle (Bài vi?t d?ng danh sách),Awareness,,,,,,,,,,,,,,,,,
,,,Researching,??u t?,Cho ng??i m?i,C? phi?u ngành,c? phi?u ngành y t?,c? phi?u ngành y t?,,,"Nhân viên v?n phòng, Sinh viên",Listicle (Bài vi?t d?ng danh sách),Awareness,,,,,,,,,,,,,,,,,
,,,Researching,??u t?,Cho ng??i m?i,C? phi?u ngành,c? phi?u ngành Truy?n Thông,c? phi?u ngành Truy?n Thông,,,"Nhân viên v?n phòng, Sinh viên",Listicle (Bài vi?t d?ng danh sách),Awareness,,,,,,,,,,,,,,,,,
,,,Researching,??u t?,Cho ng??i m?i,C? phi?u ngành,C? phi?u ngành ô tô,C? phi?u ngành ô tô,,,"Nhân viên v?n phòng, Sinh viên",Listicle (Bài vi?t d?ng danh sách),Awareness,,,,,,,,,,,,,,,,,
,,,Researching,??u t?,Cho ng??i m?i,C? phi?u ngành,C? phi?u ngành b?o hi?m,C? phi?u ngành b?o hi?m,,,"Nhân viên v?n phòng, Sinh viên",Listicle (Bài vi?t d?ng danh sách),Awareness,,,,,,,,,,,,,,,,,
,,,Researching,??u t?,Cho ng??i m?i,C? phi?u ngành,c? phi?u ngành than,c? phi?u ngành than,,,"Nhân viên v?n phòng, Sinh viên",Listicle (Bài vi?t d?ng danh sách),Awareness,,,,,,,,,,,,,,,,,
,,,Researching,??u t?,Cho ng??i m?i,C? phi?u ngành,c? phi?u ngành hóa ch?t,c? phi?u ngành hóa ch?t,,,"Nhân viên v?n phòng, Sinh viên",Listicle (Bài vi?t d?ng danh sách),Awareness,,,,,,,,,,,,,,,,,
,,,Researching,??u t?,Cho ng??i m?i,C? phi?u ngành,c? phi?u ngành nông nghi?p,c? phi?u ngành nông nghi?p,,,"Nhân viên v?n phòng, Sinh viên",Listicle (Bài vi?t d?ng danh sách),Awareness,,,,,,,,,,,,,,,,,
,,1,Researching,??u t?,Cho ng??i m?i,khóa h?c,Khóa h?c phân tích c? b?n,Khóa h?c phân tích c? b?n,,"Khóa h?c phân tích c? b?n cho ng??i m?i, l? trình chi ti?t","Sinh viên, Nhân viên v?n phòng",Comprehensive Guide (H??ng d?n toàn di?n),Awareness,,,,,,,,,,,,,,,,,
,,1,Researching,??u t?,Cho ng??i m?i,khóa h?c,Khóa h?c phân tích k? thu?t,Khóa h?c phân tích k? thu?t,,"Khóa h?c phân tích c? b?n cho ng??i m?i, l? trình chi ti?t","Sinh viên, Nhân viên v?n phòng",Comprehensive Guide (H??ng d?n toàn di?n),Awareness,,,,,,,,,,,,,,,,,
,,1,Researching,??u t?,Phát tri?n b?n thân,khóa h?c,Khóa h?c Excel,Khóa h?c Excel,,,"Sinh viên, Nhân viên v?n phòng",Product Page (Trang s?n ph?m),Awareness,,,,,,,,,,,,,,,,,
,,1,Researching,??u t?,Phát tri?n b?n thân,khóa h?c,khóa h?c excel k? toán,khóa h?c excel k? toán,,khóa h?c excel k? toán online c? b?n | HVS,"Sinh viên, Nhân viên v?n phòng",Product Page (Trang s?n ph?m),Consideration,,,,,,,,,,,,,,,,,
,,1,Researching,??u t?,Phát tri?n b?n thân,khóa h?c,khóa h?c excel cho nhân s?,khóa h?c excel cho nhân s?,,khóa h?c excel cho nhân s? online c? b?n | HVS,"Sinh viên, Nhân viên v?n phòng",Product Page (Trang s?n ph?m),Consideration,,,,,,,,,,,,,,,,,
,,1,Researching,??u t?,Phát tri?n b?n thân,khóa h?c,khóa h?c excel tài chính,khóa h?c excel tài chính,,khóa h?c excel tài chính online c? b?n | HVS,"Sinh viên, Nhân viên v?n phòng",Product Page (Trang s?n ph?m),Consideration,,,,,,,,,,,,,,,,,
,,1,Researching,??u t?,Phát tri?n b?n thân,khóa h?c,khóa h?c excel t?i hà n?i,khóa h?c excel t?i hà n?i,,Top 3 khóa h?c Excel t?i Hà N?i,"Sinh viên, Nhân viên v?n phòng",Listicle (Bài vi?t d?ng danh sách),Consideration,,,,,,,,,,,,,,,,,
,,1,Researching,??u t?,Phát tri?n b?n thân,khóa h?c,khóa h?c excel t?i tphcm,khóa h?c excel t?i tphcm,,Top 3 khóa h?c Excel t?i TPHCM,"Sinh viên, Nhân viên v?n phòng",Listicle (Bài vi?t d?ng danh sách),Consideration,,,,,,,,,,,,,,,,,
,,1,In Editing,??u t?,Cho ng??i m?i,khóa h?c,khóa h?c ch?ng khoán,khóa h?c ch?ng khoán,,"Khóa h?c ch?ng khoán cho ng??i m?i, l? trình chi ti?t","Sinh viên, Nhân viên v?n phòng",Comprehensive Guide (H??ng d?n toàn di?n),Awareness,"- Chi ti?t n?i dung khóa h?c ch?ng khoán, tiêu chí l?a ch?n 1 khóa h?c ch?ng khoán
- D?n nh?p v? ch??ng trình th?c t?p s?",https://docs.google.com/document/d/1s3oomBGYeDIZ0WZnqPbnhxfuib7UmcLyS9b3Gcguh3c/edit?tab=t.0,?ã nh?n xét,,,,,,,,,,,,,,
,,1,Researching,??u t?,Phát tri?n b?n thân,ngh? nghi?p,sales ch?ng khoán,sales ch?ng khoán,,"Sales ch?ng khoán là gì? Công vi?c, m?c l??ng, yêu c?u và c? h?i ngh? nghi?p",Sinh viên,Comprehensive Guide (H??ng d?n toàn di?n),Awareness,"- Mô t? công vi?c, yêu c?u, m?c l??ng
- D?n v? ch??ng trình th?c t?p s? HVS",,,,,,,,,,,,,,,,
,,1,Researching,??u t?,Phát tri?n b?n thân,ngh? nghi?p,Chuyên viên t? v?n tài chính là gì,Chuyên viên t? v?n tài chính là gì,,,Sinh viên,Informational (Thông tin),Awareness,,,,,,,,,,,,,,,,,
,,1,Researching,??u t?,Phát tri?n b?n thân,ngh? nghi?p,th?c t?p sinh tài chính là gì,th?c t?p sinh tài chính là gì,,,Sinh viên,Informational (Thông tin),Awareness,,,,,,,,,,,,,,,,,
,,1,Researching,??u t?,Phát tri?n b?n thân,ngh? nghi?p,chuyên viên tài chính là gì,chuyên viên tài chính là gì,,,Sinh viên,Informational (Thông tin),Awareness,,,,,,,,,,,,,,,,,
,,1,Researching,??u t?,Phát tri?n b?n thân,ngh? nghi?p,k? toán tài chính là gì,k? toán tài chính là gì,,,Sinh viên,Informational (Thông tin),Awareness,,,,,,,,,,,,,,,,,
,,1,Researching,??u t?,Phát tri?n b?n thân,ngh? nghi?p,m?c l??ng ngành tài chính,m?c l??ng ngành tài chính,,,Sinh viên,Informational (Thông tin),Awareness,,,,,,,,,,,,,,,,,
,,,Researching,??u t?,Phát tri?n b?n thân,ngh? nghi?p,Ngh? môi gi?i và t? v?n ??u t? ch?ng khoán trong th?i ??i AI,Ngh? môi gi?i và t? v?n ??u t? ch?ng khoán trong th?i ??i AI,,,Sinh viên,News / Industry (Tin t?c / Ngành),Awareness,"- Xu h??ng AI trong tuy?n d?ng
- Ngh? môi gi?i và t? v?n ch?ng khoán ?nh h??ng nh? th? nào
- Sinh viên c?n chu?n b? k? n?ng gì trong th?i ??i AI",,,,,,,,,,,,,,,,
,,1,Researching,??u t?,Phát tri?n b?n thân,ngh? nghi?p,M?u ??n xin th?c t?p ch?ng khoán,M?u ??n xin th?c t?p ch?ng khoán,,,Sinh viên,Template (M?u/Bi?u m?u),Awareness,,,,,,,,,,,,,,,,,
,,1,Researching,??u t?,Phát tri?n b?n thân,ngh? nghi?p,cách vi?t email xin th?c t?p ch?ng khoán,cách vi?t email xin th?c t?p ch?ng khoán,,,Sinh viên,How-To Guide (H??ng d?n cách làm),Awareness,,,,,,,,,,,,,,,,,
,,1,Researching,??u t?,Phát tri?n b?n thân,ngh? nghi?p,th?c t?p sinh ch?ng khoán làm công vi?c gì,th?c t?p sinh ch?ng khoán làm công vi?c gì,,Th?c t?p sinh ch?ng khoán làm công vi?c gì? Gi?i ?áp chi ti?t A - Z,Sinh viên,Comprehensive Guide (H??ng d?n toàn di?n),Awareness,"- Mô t? công vi?c, yêu c?u, m?c l??ng
- D?n v? ch??ng trình th?c t?p s? HVS",,,,,,,,,,,,,,,,
,,,Researching,??u t?,Cho ng??i m?i,phái sinh,?áo h?n phái sinh là gì,?áo h?n phái sinh là gì,,,,,,,,,,,,,,,,,,,,,,
,,,Researching,??u t?,Cho ng??i m?i,phái sinh,H?p ??ng t??ng lai ,H?p ??ng t??ng lai ,,,,,,,,,,,,,,,,,,,,,,
,,,Researching,??u t?,Cho ng??i m?i,phái sinh,ch?ng khoán phái sinh là gì,ch?ng khoán phái sinh là gì,,,,,,,,,,,,,,,,,,,,,,
,,,Researching,??u t?,Cho ng??i m?i,phái sinh,ch?ng khoán c? s? và ch?ng khoán phái sinh,ch?ng khoán c? s? và ch?ng khoán phái sinh,,,,,,,,,,,,,,,,,,,,,,
,,,Researching,??u t?,Cho ng??i m?i,phái sinh,quy?n ch?n là gì,quy?n ch?n là gì,,,,,,,,,,,,,,,,,,,,,,
,,1,Researching,??u t?,Cho ng??i m?i,Phân tích c? b?n,phân tích ngành là gì,phân tích ngành là gì,,,,,,,,,,,,,,,,,,,,,,
,,1,Researching,??u t?,Cho ng??i m?i,Phân tích c? b?n,phân tích doanh nghi?p là gì,phân tích doanh nghi?p là gì,,,,,,,,,,,,,,,,,,,,,,
,,1,Researching,??u t?,Cho ng??i m?i,Phân tích c? b?n,phân tích c? b?n là gì,phân tích c? b?n là gì,,,,,,,,,,,,,,,,,,,,,,
,,,Researching,??u t?,Cho ng??i m?i,Phân tích c? b?n,p/e là gì,p/e là gì,,,,,,,,,,,,,,,,,,,,,,
,,,Researching,??u t?,Cho ng??i m?i,Phân tích c? b?n,giá tr? s? sách c?a c? phi?u,giá tr? s? sách c?a c? phi?u,,,,,,,,,,,,,,,,,,,,,,
,,,Researching,??u t?,Cho ng??i m?i,Phân tích c? b?n,T? s? thanh toán nhanh là gì,T? s? thanh toán nhanh là gì,,,,,,,,,,,,,,,,,,,,,,
,,,Researching,??u t?,Cho ng??i m?i,Phân tích c? b?n,T? s? n? trên t?ng tài s?n,T? s? n? trên t?ng tài s?n,,,,,,,,,,,,,,,,,,,,,,
,,,Researching,??u t?,Cho ng??i m?i,Phân tích c? b?n,T? s? thanh toán b?ng ti?n m?t,T? s? thanh toán b?ng ti?n m?t,,,,,,,,,,,,,,,,,,,,,,
,,,Researching,??u t?,Cho ng??i m?i,Phân tích c? b?n,h? s? kh? n?ng thanh toán lãi vay,h? s? kh? n?ng thanh toán lãi vay,,,,,,,,,,,,,,,,,,,,,,
,,,Researching,??u t?,Cho ng??i m?i,Phân tích c? b?n,n? dài h?n trên v?n ch? s? h?u,n? dài h?n trên v?n ch? s? h?u,,,,,,,,,,,,,,,,,,,,,,
,,,Researching,??u t?,Cho ng??i m?i,Phân tích c? b?n,H? s? thanh toán là gì,H? s? thanh toán là gì,,,,,,,,,,,,,,,,,,,,,,
,,,Researching,??u t?,Cho ng??i m?i,Phân tích c? b?n,S? ngày ph?i tr? ch?a thanh toán,S? ngày ph?i tr? ch?a thanh toán,,,,,,,,,,,,,,,,,,,,,,
,,,Researching,??u t?,Cho ng??i m?i,Phân tích c? b?n,Th?i gian thu h?i ti?n hàng t?n ??ng,Th?i gian thu h?i ti?n hàng t?n ??ng,,,,,,,,,,,,,,,,,,,,,,
,,,Researching,??u t?,Cho ng??i m?i,Phân tích c? b?n,vòng quay t?ng tài s?n,vòng quay t?ng tài s?n,,,,,,,,,,,,,,,,,,,,,,
,,,Researching,??u t?,Cho ng??i m?i,Phân tích c? b?n,vòng quay tài s?n c? ??nh,vòng quay tài s?n c? ??nh,,,,,,,,,,,,,,,,,,,,,,
,,,Researching,??u t?,Cho ng??i m?i,Phân tích c? b?n,vòng quay v?n l?u ??ng,vòng quay v?n l?u ??ng,,,,,,,,,,,,,,,,,,,,,,
,,,Researching,??u t?,Cho ng??i m?i,Phân tích c? b?n,Vòng quay kho?n ph?i tr? là gì,Vòng quay kho?n ph?i tr? là gì,,,,,,,,,,,,,,,,,,,,,,
,,,Researching,??u t?,Cho ng??i m?i,Phân tích c? b?n,roic là gì,roic là gì,,,,,,,,,,,,,,,,,,,,,,
,,,Researching,??u t?,Cho ng??i m?i,Phân tích c? b?n,ch? s? eps là gì,ch? s? eps là gì,,,,,,,,,,,,,,,,,,,,,,
,,,Researching,??u t?,Cho ng??i m?i,Phân tích c? b?n,t? su?t c? t?c là gì,t? su?t c? t?c là gì,,,,,,,,,,,,,,,,,,,,,,
,,,Researching,??u t?,Cho ng??i m?i,Phân tích c? b?n,t? l? ?òn b?y tài chính,t? l? ?òn b?y tài chính,,,,,,,,,,,,,,,,,,,,,,
,,,Researching,??u t?,Cho ng??i m?i,Phân tích c? b?n,p/b là gì,p/b là gì,,,,,,,,,,,,,,,,,,,,,,
,,,Researching,??u t?,Cho ng??i m?i,Phân tích c? b?n,c? c?u v?n là gì,c? c?u v?n là gì,,,,,,,,,,,,,,,,,,,,,,
,,,Researching,??u t?,Cho ng??i m?i,Phân tích c? b?n,N? ph?i tr? là gì,N? ph?i tr? là gì,,,,,,,,,,,,,,,,,,,,,,
,,,Researching,??u t?,Cho ng??i m?i,Phân tích c? b?n,biên l?i nhu?n g?p là gì,biên l?i nhu?n g?p là gì,,,,,,,,,,,,,,,,,,,,,,
,,,Researching,??u t?,Cho ng??i m?i,Phân tích c? b?n,biên l?i nhu?n ròng,biên l?i nhu?n ròng,,,,,,,,,,,,,,,,,,,,,,
,,,Researching,??u t?,Cho ng??i m?i,Phân tích c? b?n,EBITDA là gì,EBITDA là gì,,,,,,,,,,,,,,,,,,,,,,
,,,Researching,??u t?,Cho ng??i m?i,Phân tích c? b?n,roa là gì,roa là gì,,,,,,,,,,,,,,,,,,,,,,
,,,Researching,??u t?,Cho ng??i m?i,Phân tích c? b?n,current ratio là gì,current ratio là gì,,,,,,,,,,,,,,,,,,,,,,
,,,Researching,??u t?,Cho ng??i m?i,Phân tích c? b?n,v?n ch? s? là gì,v?n ch? s? là gì,,,,,,,,,,,,,,,,,,,,,,
,,,Researching,??u t?,Cho ng??i m?i,Phân tích c? b?n,ch? s? roe là gì,ch? s? roe là gì,,,,,,,,,,,,,,,,,,,,,,
,,,Researching,??u t?,Cho ng??i m?i,Phân tích c? b?n,giá tr? n?i t?i c?a c? phi?u,giá tr? n?i t?i c?a c? phi?u,,,,,,,,,,,,,,,,,,,,,,
,,,Researching,??u t?,Cho ng??i m?i,Phân tích c? b?n,V?n l?u ??ng là gì,V?n l?u ??ng là gì,,,,,,,,,,,,,,,,,,,,,,
,,,Researching,??u t?,Cho ng??i m?i,Phân tích c? b?n,th?ng d? v?n c? ph?n là gì,th?ng d? v?n c? ph?n là gì,,,,,,,,,,,,,,,,,,,,,,
,,,Researching,??u t?,Cho ng??i m?i,Phân tích c? b?n,Phân tích báo cáo tài chính Vinamilk,Phân tích báo cáo tài chính Vinamilk,,,,,,,,,,,,,,,,,,,,,,
,,,Researching,??u t?,Cho ng??i m?i,Phân tích c? b?n,Phân tích báo cáo tài chính FPT,Phân tích báo cáo tài chính FPT,,,,,,,,,,,,,,,,,,,,,,
,,,Researching,??u t?,Cho ng??i m?i,Phân tích c? b?n,phân tích báo cáo tài chính mwg,phân tích báo cáo tài chính mwg,,,,,,,,,,,,,,,,,,,,,,
,,,Researching,??u t?,Cho ng??i m?i,Phân tích c? b?n,phân tích báo cáo tài chính hòa phát,phân tích báo cáo tài chính hòa phát,,,,,,,,,,,,,,,,,,,,,,
,,,Researching,??u t?,Cho ng??i m?i,Phân tích c? b?n,phân tích báo cáo tài chính vietcombank,phân tích báo cáo tài chính vietcombank,,,,,,,,,,,,,,,,,,,,,,
,,,Researching,??u t?,Cho ng??i m?i,Phân tích c? b?n,Phân tích báo cáo tài chính Vingroup,Phân tích báo cáo tài chính Vingroup,,,,,,,,,,,,,,,,,,,,,,
,,,Researching,??u t?,Cho ng??i m?i,Phân tích c? b?n,Phân tích báo cáo tài chính PNJ,Phân tích báo cáo tài chính PNJ,,,,,,,,,,,,,,,,,,,,,,
,,,Researching,??u t?,Cho ng??i m?i,Phân tích c? b?n,Phân tích báo cáo tài chính Công ty Bibica,Phân tích báo cáo tài chính Công ty Bibica,,,,,,,,,,,,,,,,,,,,,,
,,,Researching,??u t?,Cho ng??i m?i,Phân tích c? b?n,Phân tích báo cáo tài chính Công ty Kinh ?ô,Phân tích báo cáo tài chính Công ty Kinh ?ô,,,,,,,,,,,,,,,,,,,,,,
,,,Researching,??u t?,Cho ng??i m?i,Phân tích c? b?n,chu?i giá tr? ngành thép,chu?i giá tr? ngành thép,,,,,,,,,,,,,,,,,,,,,,
,,,Researching,??u t?,Cho ng??i m?i,Phân tích c? b?n,chu?i giá tr? ngành d?u khí,chu?i giá tr? ngành d?u khí,,,,,,,,,,,,,,,,,,,,,,
,,,Researching,??u t?,Cho ng??i m?i,Phân tích c? b?n,chu?i giá tr? ngành d?t may,chu?i giá tr? ngành d?t may,,,,,,,,,,,,,,,,,,,,,,
,,,Researching,??u t?,Cho ng??i m?i,Phân tích c? b?n,chu?i giá tr? ngành cao su,chu?i giá tr? ngành cao su,,,,,,,,,,,,,,,,,,,,,,
,,,Researching,??u t?,Cho ng??i m?i,Phân tích c? b?n,chu?i giá tr? ngành ?i?n,chu?i giá tr? ngành ?i?n,,,,,,,,,,,,,,,,,,,,,,
,,,Researching,??u t?,Cho ng??i m?i,Phân tích c? b?n,chu?i giá tr? ngành xây d?ng,chu?i giá tr? ngành xây d?ng,,,,,,,,,,,,,,,,,,,,,,
,,,Researching,??u t?,Cho ng??i m?i,Phân tích c? b?n,chu?i giá tr? ngành phân bón,chu?i giá tr? ngành phân bón,,,,,,,,,,,,,,,,,,,,,,
,,,Researching,??u t?,Cho ng??i m?i,Phân tích c? b?n,chu?i giá tr? ngành ngân hàng,chu?i giá tr? ngành ngân hàng,,,,,,,,,,,,,,,,,,,,,,
,,,Researching,??u t?,Cho ng??i m?i,Phân tích c? b?n,chu?i giá tr? ngành nh?a,chu?i giá tr? ngành nh?a,,,,,,,,,,,,,,,,,,,,,,
,,,Researching,??u t?,Cho ng??i m?i,Phân tích c? b?n,chu?i giá tr? ngành b?t ??ng s?n,chu?i giá tr? ngành b?t ??ng s?n,,,,,,,,,,,,,,,,,,,,,,
,,,Researching,??u t?,Cho ng??i m?i,Phân tích c? b?n,cách phân tích báo cáo tài chính,cách phân tích báo cáo tài chính,,,,,,,,,,,,,,,,,,,,,,
,,,Researching,??u t?,Cho ng??i m?i,Phân tích c? b?n,vòng quay kho?n ph?i thu,vòng quay kho?n ph?i thu,,,,,,,,,,,,,,,,,,,,,,
,,,Researching,??u t?,Cho ng??i m?i,Phân tích c? b?n,dòng ti?n t? ho?t ??ng kinh doanh,dòng ti?n t? ho?t ??ng kinh doanh,,,,,,,,,,,,,,,,,,,,,,
,,,Researching,??u t?,Cho ng??i m?i,Phân tích c? b?n,v?n ?i?u l? là gì,v?n ?i?u l? là gì,,,,,,,,,,,,,,,,,,,,,,
,,,Researching,??u t?,Cho ng??i m?i,Phân tích c? b?n,capex là gì,capex là gì,,,,,,,,,,,,,,,,,,,,,,
,,,Researching,??u t?,Cho ng??i m?i,Phân tích c? b?n,Tín d?ng doanh nghi?p là gì,Tín d?ng doanh nghi?p là gì,,,,,,,,,,,,,,,,,,,,,,
,,,Researching,??u t?,Cho ng??i m?i,Phân tích c? b?n,M&A là gì,M&A là gì,,,,,,,,,,,,,,,,,,,,,,
,,,Researching,??u t?,Cho ng??i m?i,Phân tích c? b?n,Phân tích Dupont là gì,Phân tích Dupont là gì,,,,,,,,,,,,,,,,,,,,,,
,,,Researching,??u t?,Cho ng??i m?i,Phân tích c? b?n,ch? tiêu doanh thu,ch? tiêu doanh thu,,,,,,,,,,,,,,,,,,,,,,
,,,Researching,??u t?,Cho ng??i m?i,Phân tích c? b?n,cách ??c báo cáo th??ng niên,cách ??c báo cáo th??ng niên,,,,,,,,,,,,,,,,,,,,,,
,,,Researching,??u t?,Cho ng??i m?i,Phân tích c? b?n,Chi phí biên là gì,Chi phí biên là gì,,,,,,,,,,,,,,,,,,,,,,
,,,Researching,??u t?,Cho ng??i m?i,Phân tích c? b?n,V?n c? ph?n là gì,V?n c? ph?n là gì,,,,,,,,,,,,,,,,,,,,,,
,,,Researching,??u t?,Cho ng??i m?i,Phân tích c? b?n,ch? tiêu l?i nhu?n c?a doanh nghi?p,ch? tiêu l?i nhu?n c?a doanh nghi?p,,,,,,,,,,,,,,,,,,,,,,
,,,Researching,??u t?,Cho ng??i m?i,Phân tích c? b?n,cách ??c báo cáo tài chính,cách ??c báo cáo tài chính,,,,,,,,,,,,,,,,,,,,,,
,,,Researching,??u t?,Cho ng??i m?i,Phân tích c? b?n,ROCE là gì,ROCE là gì,,,,,,,,,,,,,,,,,,,,,,
,,,Researching,??u t?,Cho ng??i m?i,Phân tích c? b?n,giá tr? doanh nghi?p là gì,giá tr? doanh nghi?p là gì,,,,,,,,,,,,,,,,,,,,,,
,,,Researching,??u t?,Cho ng??i m?i,Phân tích c? b?n,V?n pháp ??nh là gì,V?n pháp ??nh là gì,,,,,,,,,,,,,,,,,,,,,,
,,,Researching,??u t?,Cho ng??i m?i,Phân tích c? b?n,?i?m hòa v?n là gì,?i?m hòa v?n là gì,,,,,,,,,,,,,,,,,,,,,,
,,,Researching,??u t?,Cho ng??i m?i,Phân tích c? b?n,b?ng cân ??i k? toán ngu?n v?n,b?ng cân ??i k? toán ngu?n v?n,,,,,,,,,,,,,,,,,,,,,,
,,,Researching,??u t?,Cho ng??i m?i,Phân tích c? b?n,Vòng quay hàng t?n kho là gì,Vòng quay hàng t?n kho là gì,,,,,,,,,,,,,,,,,,,,,,
,,,Researching,??u t?,Cho ng??i m?i,Phân tích c? b?n,Báo cáo l?u chuy?n ti?n t? là gì,Báo cáo l?u chuy?n ti?n t? là gì,,,,,,,,,,,,,,,,,,,,,,
,,,Researching,??u t?,Cho ng??i m?i,Phân tích c? b?n,quy lu?t giá tr?,quy lu?t giá tr?,,,,,,,,,,,,,,,,,,,,,,
,,,Researching,??u t?,Cho ng??i m?i,Phân tích c? b?n,fed là gì,fed là gì,,,,,,,,,,,,,,,,,,,,,,
,,,Researching,??u t?,Cho ng??i m?i,Phân tích c? b?n,?? co giãn c?a c?u theo giá,?? co giãn c?a c?u theo giá,,,,,,,,,,,,,,,,,,,,,,
,,,Researching,??u t?,Cho ng??i m?i,Phân tích c? b?n,npv và irr là gì,npv và irr là gì,,,,,,,,,,,,,,,,,,,,,,
,,,Researching,??u t?,Cho ng??i m?i,Phân tích c? b?n,s? ki?n thiên nga ?en,s? ki?n thiên nga ?en,,,,,,,,,,,,,,,,,,,,,,
,,,Researching,??u t?,Cho ng??i m?i,Phân tích c? b?n,brexit là gì,brexit là gì,,,,,,,,,,,,,,,,,,,,,,
,,,Researching,??u t?,Cho ng??i m?i,Phân tích c? b?n,C?nh tranh hoàn h?o là gì,C?nh tranh hoàn h?o là gì,,,,,,,,,,,,,,,,,,,,,,
,,,Researching,??u t?,Cho ng??i m?i,Phân tích c? b?n,c?nh tranh ??c quy?n,c?nh tranh ??c quy?n,,,,,,,,,,,,,,,,,,,,,,
,,,Researching,??u t?,Cho ng??i m?i,Phân tích c? b?n,YOY là gì,YOY là gì,,,,,,,,,,,,,,,,,,,,,,
,,,Researching,??u t?,Cho ng??i m?i,Phân tích c? b?n,goodwill là gì,goodwill là gì,,,,,,,,,,,,,,,,,,,,,,
,,,Researching,??u t?,Cho ng??i m?i,Phân tích c? b?n,cách ??nh giá c? phi?u,cách ??nh giá c? phi?u,,,,,,,,,,,,,,,,,,,,,,
,,,Researching,??u t?,Cho ng??i m?i,Phân tích c? b?n,nim là gì,nim là gì,,,,,,,,,,,,,,,,,,,,,,
,,,Researching,??u t?,Cho ng??i m?i,Phân tích c? b?n,chu k? c? phi?u,chu k? c? phi?u,,,,,,,,,,,,,,,,,,,,,,
,,,Researching,??u t?,Cho ng??i m?i,Phân tích c? b?n,Doanh nghi?p mua l?i c? phi?u ?? làm gì,Doanh nghi?p mua l?i c? phi?u ?? làm gì,,,,,,,,,,,,,,,,,,,,,,
,,,Researching,??u t?,Cho ng??i m?i,Phân tích c? b?n,c?nh tranh là gì,c?nh tranh là gì,,,,,,,,,,,,,,,,,,,,,,
,,,Researching,??u t?,Cho ng??i m?i,Phân tích c? b?n,CASA trong ngành ngân hàng là gì,CASA trong ngành ngân hàng là gì,,,,,,,,,,,,,,,,,,,,,,
,,,Researching,??u t?,Cho ng??i m?i,Phân tích c? b?n,Khi nào nên mua c? phi?u,Khi nào nên mua c? phi?u,,,,,,,,,,,,,,,,,,,,,,
,,,Researching,??u t?,Cho ng??i m?i,Phân tích c? b?n,các ch? s? ?ánh giá c? phi?u t?t,các ch? s? ?ánh giá c? phi?u t?t,,,,,,,,,,,,,,,,,,,,,,
,,,Researching,??u t?,Cho ng??i m?i,Phân tích c? b?n,cán cân vãng lai là gì,cán cân vãng lai là gì,,,,,,,,,,,,,,,,,,,,,,
,,,Researching,??u t?,Cho ng??i m?i,Phân tích c? b?n,???ng cong l?i su?t ??o ng??c,???ng cong l?i su?t ??o ng??c,,,,,,,,,,,,,,,,,,,,,,
,,,Researching,??u t?,Cho ng??i m?i,Phân tích c? b?n,r?i ro thanh kho?n là gì,r?i ro thanh kho?n là gì,,,,,,,,,,,,,,,,,,,,,,
,,,Researching,??u t?,Cho ng??i m?i,Phân tích c? b?n,cir ngân hàng là gì,cir ngân hàng là gì,,,,,,,,,,,,,,,,,,,,,,
,,,Researching,??u t?,Cho ng??i m?i,Phân tích c? b?n,h? s? t??ng quan,h? s? t??ng quan,,,,,,,,,,,,,,,,,,,,,,
,,,Researching,??u t?,Cho ng??i m?i,Phân tích c? b?n,c?nh tranh không hoàn h?o,c?nh tranh không hoàn h?o,,,,,,,,,,,,,,,,,,,,,,
,,,Researching,??u t?,Cho ng??i m?i,Phân tích c? b?n,Chi phí c? h?i là gì,Chi phí c? h?i là gì,,,,,,,,,,,,,,,,,,,,,,
,,,Researching,??u t?,Cho ng??i m?i,Phân tích c? b?n,chính sách ti?n t? n?i l?ng,chính sách ti?n t? n?i l?ng,,,,,,,,,,,,,,,,,,,,,,
,,,Researching,??u t?,Cho ng??i m?i,Phân tích c? b?n,kh?ng ho?ng tài chính là gì,kh?ng ho?ng tài chính là gì,,,,,,,,,,,,,,,,,,,,,,
,,,Researching,??u t?,Cho ng??i m?i,Phân tích c? b?n,c? h?i th? tr??ng là gì,c? h?i th? tr??ng là gì,,,,,,,,,,,,,,,,,,,,,,
,,,Researching,??u t?,Cho ng??i m?i,Phân tích c? b?n,Mô hình kinh doanh là gì,Mô hình kinh doanh là gì,,,,,,,,,,,,,,,,,,,,,,
,,,Researching,??u t?,Cho ng??i m?i,Phân tích c? b?n,Chu k? kinh t? là gì,Chu k? kinh t? là gì,,,,,,,,,,,,,,,,,,,,,,
,,,Researching,??u t?,Cho ng??i m?i,Phân tích c? b?n,lý thuy?t trò ch?i,lý thuy?t trò ch?i,,,,,,,,,,,,,,,,,,,,,,
,,,Researching,??u t?,Cho ng??i m?i,Phân tích c? b?n,l?i th? c?nh tranh là gì,l?i th? c?nh tranh là gì,,,,,,,,,,,,,,,,,,,,,,
,,,Researching,??u t?,Cho ng??i m?i,Phân tích c? b?n,chi phí c? ??nh,chi phí c? ??nh,,,,,,,,,,,,,,,,,,,,,,
,,,Researching,??u t?,Cho ng??i m?i,Phân tích c? b?n,chu k? có ngh?a là gì,chu k? có ngh?a là gì,,,,,,,,,,,,,,,,,,,,,,
,,,Researching,??u t?,Cho ng??i m?i,Phân tích c? b?n,b?y thanh kho?n,b?y thanh kho?n,,,,,,,,,,,,,,,,,,,,,,
,,,Researching,??u t?,Cho ng??i m?i,Phân tích c? b?n,Bong bóng dotcom là gì,Bong bóng dotcom là gì,,,,,,,,,,,,,,,,,,,,,,
,,,Researching,??u t?,Cho ng??i m?i,Phân tích c? b?n,chi?n l??c th? tr??ng là gì,chi?n l??c th? tr??ng là gì,,,,,,,,,,,,,,,,,,,,,,
,,,Researching,??u t?,Cho ng??i m?i,Phân tích c? b?n,N? x?u trong các c? phi?u ngành ngân hàng,N? x?u trong các c? phi?u ngành ngân hàng,,,,,,,,,,,,,,,,,,,,,,
,,,Researching,??u t?,Cho ng??i m?i,Phân tích c? b?n,ch? s? nim c?a ngân hàng là gì,ch? s? nim c?a ngân hàng là gì,,,,,,,,,,,,,,,,,,,,,,
,,,Researching,??u t?,Cho ng??i m?i,Phân tích c? b?n,Mô hình CAPM là gì,Mô hình CAPM là gì,,,,,,,,,,,,,,,,,,,,,,
,,1,Researching,??u t?,Cho ng??i m?i,Phân tích c? b?n,các ch? s? phân tích báo cáo tài chính,các ch? s? phân tích báo cáo tài chính,,,,,,,,,,,,,,,,,,,,,,
,,1,Researching,??u t?,Cho ng??i m?i,Phân tích k? thu?t,phân tích k? thu?t là gì,phân tích k? thu?t là gì,,,,,,,,,,,,,,,,,,,,,,
,,1,Researching,??u t?,Cho ng??i m?i,Phân tích k? thu?t,mô hình n?n,mô hình n?n,,,,,,,,,,,,,,,,,,,,,,
,,,Researching,??u t?,Cho ng??i m?i,Phân tích k? thu?t,ch? báo bollinger bands width,ch? báo bollinger bands width,,,,,,,,,,,,,,,,,,,,,,
,,,Researching,??u t?,Cho ng??i m?i,Phân tích k? thu?t,ch? báo Bollinger Bands,ch? báo Bollinger Bands,,,,,,,,,,,,,,,,,,,,,,
,,,Researching,??u t?,Cho ng??i m?i,Phân tích k? thu?t,ch? báo bollinger bands b,ch? báo bollinger bands b,,,,,,,,,,,,,,,,,,,,,,
,,,Researching,??u t?,Cho ng??i m?i,Phân tích k? thu?t,Ch? báo Bollinger Band Squeeze là gì,Ch? báo Bollinger Band Squeeze là gì,,,,,,,,,,,,,,,,,,,,,,
,,,Researching,??u t?,Cho ng??i m?i,Phân tích k? thu?t,ch? báo cci là gì,ch? báo cci là gì,,,,,,,,,,,,,,,,,,,,,,
,,,Researching,??u t?,Cho ng??i m?i,Phân tích k? thu?t,ch? báo keltner channel,ch? báo keltner channel,,,,,,,,,,,,,,,,,,,,,,
,,,Researching,??u t?,Cho ng??i m?i,Phân tích k? thu?t,???ng Trendline là gì,???ng Trendline là gì,,,,,,,,,,,,,,,,,,,,,,
,,,Researching,??u t?,Cho ng??i m?i,Phân tích k? thu?t,???ng ZigZag,???ng ZigZag,,,,,,,,,,,,,,,,,,,,,,
,,,Researching,??u t?,Cho ng??i m?i,Phân tích k? thu?t,???ng a/d là gì,???ng a/d là gì,,,,,,,,,,,,,,,,,,,,,,
,,,Researching,??u t?,Cho ng??i m?i,Phân tích k? thu?t,Sóng Elliott là gì,Sóng Elliott là gì,,,,,,,,,,,,,,,,,,,,,,
,,,Researching,??u t?,Cho ng??i m?i,Phân tích k? thu?t,fibonacci thoái lui,fibonacci thoái lui,,,,,,,,,,,,,,,,,,,,,,
,,,Researching,??u t?,Cho ng??i m?i,Phân tích k? thu?t,Sóng Elliott và Fibonacci là gì,Sóng Elliott và Fibonacci là gì,,,,,,,,,,,,,,,,,,,,,,
,,,Researching,??u t?,Cho ng??i m?i,Phân tích k? thu?t,Fibonacci là gì,Fibonacci là gì,,,,,,,,,,,,,,,,,,,,,,
,,,Researching,??u t?,Cho ng??i m?i,Phân tích k? thu?t,ch? báo dòng ti?n,ch? báo dòng ti?n,,,,,,,,,,,,,,,,,,,,,,
,,,Researching,??u t?,Cho ng??i m?i,Phân tích k? thu?t,giá t?ng kh?i l??ng gi?m,giá t?ng kh?i l??ng gi?m,,,,,,,,,,,,,,,,,,,,,,
,,,Researching,??u t?,Cho ng??i m?i,Phân tích k? thu?t,ch? báo cmf,ch? báo cmf,,,,,,,,,,,,,,,,,,,,,,
,,,Researching,??u t?,Cho ng??i m?i,Phân tích k? thu?t,ch? báo obv là gì,ch? báo obv là gì,,,,,,,,,,,,,,,,,,,,,,
,,,Researching,??u t?,Cho ng??i m?i,Phân tích k? thu?t,Ca?ch s?? du?ng 4 ????ng MA,Ca?ch s?? du?ng 4 ????ng MA,,,,,,,,,,,,,,,,,,,,,,
,,,Researching,??u t?,Cho ng??i m?i,Phân tích k? thu?t,phân tích k? thu?t k?t h?p Bollinger Bands và ???ng MA,phân tích k? thu?t k?t h?p Bollinger Bands và ???ng MA,,,,,,,,,,,,,,,,,,,,,,
,,,Researching,??u t?,Cho ng??i m?i,Phân tích k? thu?t,???ng ma200,???ng ma200,,,,,,,,,,,,,,,,,,,,,,
,,,Researching,??u t?,Cho ng??i m?i,Phân tích k? thu?t,???ng ma là gì,???ng ma là gì,,,,,,,,,,,,,,,,,,,,,,
,,,Researching,??u t?,Cho ng??i m?i,Phân tích k? thu?t,???ng ema,???ng ema,,,,,,,,,,,,,,,,,,,,,,
,,,Researching,??u t?,Cho ng??i m?i,Phân tích k? thu?t,k?t h?p 3 ???ng MA,k?t h?p 3 ???ng MA,,,,,,,,,,,,,,,,,,,,,,
,,,Researching,??u t?,Cho ng??i m?i,Phân tích k? thu?t,???ng WMA là gì,???ng WMA là gì,,,,,,,,,,,,,,,,,,,,,,
,,,Researching,??u t?,Cho ng??i m?i,Phân tích k? thu?t,ch? báo macd histogram là gì,ch? báo macd histogram là gì,,,,,,,,,,,,,,,,,,,,,,
,,,Researching,??u t?,Cho ng??i m?i,Phân tích k? thu?t,MACD là gì,MACD là gì,,,,,,,,,,,,,,,,,,,,,,
,,,Researching,??u t?,Cho ng??i m?i,Phân tích k? thu?t,Mô hình 2 ??nh là gì,Mô hình 2 ??nh là gì,,,,,,,,,,,,,,,,,,,,,,
,,,Researching,??u t?,Cho ng??i m?i,Phân tích k? thu?t,Mô hình lá c? là gì,Mô hình lá c? là gì,,,,,,,,,,,,,,,,,,,,,,
,,,Researching,??u t?,Cho ng??i m?i,Phân tích k? thu?t,N?n Evening Star là gì,N?n Evening Star là gì,,,,,,,,,,,,,,,,,,,,,,
,,,Researching,??u t?,Cho ng??i m?i,Phân tích k? thu?t,Mô hình cái nêm là gì,Mô hình cái nêm là gì,,,,,,,,,,,,,,,,,,,,,,
,,,Researching,??u t?,Cho ng??i m?i,Phân tích k? thu?t,N?n Harami là gì,N?n Harami là gì,,,,,,,,,,,,,,,,,,,,,,
,,,Researching,??u t?,Cho ng??i m?i,Phân tích k? thu?t,Mô hình n?n Dark Cloud Cover là gì,Mô hình n?n Dark Cloud Cover là gì,,,,,,,,,,,,,,,,,,,,,,
,,,Researching,??u t?,Cho ng??i m?i,Phân tích k? thu?t,Mô hình tam giác m? r?ng là gì,Mô hình tam giác m? r?ng là gì,,,,,,,,,,,,,,,,,,,,,,
,,,Researching,??u t?,Cho ng??i m?i,Phân tích k? thu?t,N?n Marubozu là gì,N?n Marubozu là gì,,,,,,,,,,,,,,,,,,,,,,
,,,Researching,??u t?,Cho ng??i m?i,Phân tích k? thu?t,n?n búa,n?n búa,,,,,,,,,,,,,,,,,,,,,,
,,,Researching,??u t?,Cho ng??i m?i,Phân tích k? thu?t,n?n inside bar,n?n inside bar,,,,,,,,,,,,,,,,,,,,,,
,,,Researching,??u t?,Cho ng??i m?i,Phân tích k? thu?t,n?n doji,n?n doji,,,,,,,,,,,,,,,,,,,,,,
,,,Researching,??u t?,Cho ng??i m?i,Phân tích k? thu?t,N?n Hanging Man,N?n Hanging Man,,,,,,,,,,,,,,,,,,,,,,
,,,Researching,??u t?,Cho ng??i m?i,Phân tích k? thu?t,N?n Shooting Star,N?n Shooting Star,,,,,,,,,,,,,,,,,,,,,,
,,,Researching,??u t?,Cho ng??i m?i,Phân tích k? thu?t,mô hình n?n engulfing,mô hình n?n engulfing,,,,,,,,,,,,,,,,,,,,,,
,,,Researching,??u t?,Cho ng??i m?i,Phân tích k? thu?t,n?n heikin ashi,n?n heikin ashi,,,,,,,,,,,,,,,,,,,,,,
,,,Researching,??u t?,Cho ng??i m?i,Phân tích k? thu?t,n?n pin bar,n?n pin bar,,,,,,,,,,,,,,,,,,,,,,
,,,Researching,??u t?,Cho ng??i m?i,Phân tích k? thu?t,cách ??c bi?u ?? n?n,cách ??c bi?u ?? n?n,,,,,,,,,,,,,,,,,,,,,,
,,,Researching,??u t?,Cho ng??i m?i,Phân tích k? thu?t,Mô hình n?n búa ng??c,Mô hình n?n búa ng??c,,,,,,,,,,,,,,,,,,,,,,
,,,Researching,??u t?,Cho ng??i m?i,Phân tích k? thu?t,mô hình 3 chàng lính ng? lâm,mô hình 3 chàng lính ng? lâm,,,,,,,,,,,,,,,,,,,,,,
,,,Researching,??u t?,Cho ng??i m?i,Phân tích k? thu?t,ch? báo aroon,ch? báo aroon,,,,,,,,,,,,,,,,,,,,,,
,,,Researching,??u t?,Cho ng??i m?i,Phân tích k? thu?t,ch? báo uo,ch? báo uo,,,,,,,,,,,,,,,,,,,,,,
,,,Researching,??u t?,Cho ng??i m?i,Phân tích k? thu?t,hành ??ng giá,hành ??ng giá,,,,,,,,,,,,,,,,,,,,,,
,,,Researching,??u t?,Cho ng??i m?i,Phân tích k? thu?t,trend following là gì,trend following là gì,,,,,,,,,,,,,,,,,,,,,,
,,,Researching,??u t?,Cho ng??i m?i,Phân tích k? thu?t,phân k? rsi,phân k? rsi,,,,,,,,,,,,,,,,,,,,,,
,,,Researching,??u t?,Cho ng??i m?i,Phân tích k? thu?t,rsi là gì,rsi là gì,,,,,,,,,,,,,,,,,,,,,,
,,,Researching,??u t?,Cho ng??i m?i,Phân tích k? thu?t,ch? báo stochastic rsi là gì,ch? báo stochastic rsi là gì,,,,,,,,,,,,,,,,,,,,,,
,,,Researching,??u t?,Cho ng??i m?i,Phân tích k? thu?t,phân k? ?n,phân k? ?n,,,,,,,,,,,,,,,,,,,,,,
,,,Researching,??u t?,Cho ng??i m?i,Phân tích k? thu?t,chi?n l??c giao d?ch rsi,chi?n l??c giao d?ch rsi,,,,,,,,,,,,,,,,,,,,,,
,,,Researching,??u t?,Cho ng??i m?i,Phân tích k? thu?t,ch? báo connor rsi,ch? báo connor rsi,,,,,,,,,,,,,,,,,,,,,,
,,,Researching,??u t?,Cho ng??i m?i,Phân tích k? thu?t,mô hình 2 ?áy,mô hình 2 ?áy,,,,,,,,,,,,,,,,,,,,,,
,,,Researching,??u t?,Cho ng??i m?i,Phân tích k? thu?t,mô hình 3 ?áy,mô hình 3 ?áy,,,,,,,,,,,,,,,,,,,,,,
,,,Researching,??u t?,Cho ng??i m?i,Phân tích k? thu?t,mô hình vai ??u vai,mô hình vai ??u vai,,,,,,,,,,,,,,,,,,,,,,
,,,Researching,??u t?,Cho ng??i m?i,Phân tích k? thu?t,Mô hình c?c tay c?m,Mô hình c?c tay c?m,,,,,,,,,,,,,,,,,,,,,,
,,,Researching,??u t?,Cho ng??i m?i,Phân tích k? thu?t,mô hình ch? nh?t,mô hình ch? nh?t,,,,,,,,,,,,,,,,,,,,,,
,,,Researching,??u t?,Cho ng??i m?i,Phân tích k? thu?t,Mô hình c? ?uôi nheo,Mô hình c? ?uôi nheo,,,,,,,,,,,,,,,,,,,,,,
,,,Researching,??u t?,Cho ng??i m?i,Phân tích k? thu?t,mô hình tam giác,mô hình tam giác,,,,,,,,,,,,,,,,,,,,,,
,,,Researching,??u t?,Cho ng??i m?i,Phân tích k? thu?t,ch? báo xác ??nh xu h??ng,ch? báo xác ??nh xu h??ng,,,,,,,,,,,,,,,,,,,,,,
,,,Researching,??u t?,Cho ng??i m?i,Phân tích k? thu?t,bi?u ?? k? thu?t,bi?u ?? k? thu?t,,,,,,,,,,,,,,,,,,,,,,
,,,Researching,??u t?,Cho ng??i m?i,Phân tích k? thu?t,mô hình wyckoff,mô hình wyckoff,,,,,,,,,,,,,,,,,,,,,,
,,,Researching,??u t?,Cho ng??i m?i,Phân tích k? thu?t,ch? báo mcdx,ch? báo mcdx,,,,,,,,,,,,,,,,,,,,,,
,,,Researching,??u t?,Cho ng??i m?i,Phân tích k? thu?t,ch? báo atr là gì,ch? báo atr là gì,,,,,,,,,,,,,,,,,,,,,,
,,,Researching,??u t?,Cho ng??i m?i,Phân tích k? thu?t,wyckoff là gì,wyckoff là gì,,,,,,,,,,,,,,,,,,,,,,
,,,Researching,??u t?,Cho ng??i m?i,Phân tích k? thu?t,ch? báo supertrend là gì,ch? báo supertrend là gì,,,,,,,,,,,,,,,,,,,,,,
,,,Researching,??u t?,Cho ng??i m?i,Phân tích k? thu?t,bull trap là gì,bull trap là gì,,,,,,,,,,,,,,,,,,,,,,
,,,Researching,??u t?,Cho ng??i m?i,Phân tích k? thu?t,swing trading,swing trading,,,,,,,,,,,,,,,,,,,,,,
,,,Researching,??u t?,Cho ng??i m?i,Phân tích k? thu?t,Kho?ng tr?ng giá là gì,Kho?ng tr?ng giá là gì,,,,,,,,,,,,,,,,,,,,,,
,,,Researching,??u t?,Cho ng??i m?i,Phân tích k? thu?t,kênh giá song song,kênh giá song song,,,,,,,,,,,,,,,,,,,,,,
,,,Researching,??u t?,Cho ng??i m?i,Phân tích k? thu?t,các ph??ng pháp phân tích k? thu?t,các ph??ng pháp phân tích k? thu?t,,,,,,,,,,,,,,,,,,,,,,
,,,Researching,??u t?,Cho ng??i m?i,Phân tích k? thu?t,Vùng ??nh và ?áy là gì,Vùng ??nh và ?áy là gì,,,,,,,,,,,,,,,,,,,,,,
,,,Researching,??u t?,Cho ng??i m?i,Phân tích k? thu?t,Phân ph?i ??nh là gì,Phân ph?i ??nh là gì,,,,,,,,,,,,,,,,,,,,,,
,,,Researching,??u t?,Cho ng??i m?i,Phân tích k? thu?t,spread là gì,spread là gì,,,,,,,,,,,,,,,,,,,,,,
,,,Researching,??u t?,Cho ng??i m?i,Phân tích k? thu?t,h? tr? kháng c? là gì,h? tr? kháng c? là gì,,,,,,,,,,,,,,,,,,,,,,
,,,Researching,??u t?,Cho ng??i m?i,Phân tích k? thu?t,ch? báo roc là gì,ch? báo roc là gì,,,,,,,,,,,,,,,,,,,,,,
,,,Researching,??u t?,Cho ng??i m?i,Phân tích k? thu?t,washout là gì,washout là gì,,,,,,,,,,,,,,,,,,,,,,
,,,Researching,??u t?,Cho ng??i m?i,Phân tích k? thu?t,??o chi?u xu h??ng là gì,??o chi?u xu h??ng là gì,,,,,,,,,,,,,,,,,,,,,,
,,,Researching,??u t?,Cho ng??i m?i,Phân tích k? thu?t,Ichimoku là gì,Ichimoku là gì,,,,,,,,,,,,,,,,,,,,,,
,,,Researching,??u t?,Cho ng??i m?i,Phân tích k? thu?t,pullback trading là gì,pullback trading là gì,,,,,,,,,,,,,,,,,,,,,,
,,,Researching,??u t?,Cho ng??i m?i,Phân tích k? thu?t,pivot point là gì,pivot point là gì,,,,,,,,,,,,,,,,,,,,,,
,,,Researching,??u t?,Cho ng??i m?i,Phân tích k? thu?t,golden cross là gì,golden cross là gì,,,,,,,,,,,,,,,,,,,,,,
,,,Researching,??u t?,Cho ng??i m?i,Phân tích k? thu?t,ch? báo dmi,ch? báo dmi,,,,,,,,,,,,,,,,,,,,,,
,,,Researching,??u t?,Cho ng??i m?i,Phân tích k? thu?t,Phân bi?t phân tích c? b?n và phân tích k? thu?t ,Phân bi?t phân tích c? b?n và phân tích k? thu?t ,,,,,,,,,,,,,,,,,,,,,,
,,,Researching,??u t?,Cho ng??i m?i,Phân tích k? thu?t,Sideway là gì,Sideway là gì,,,,,,,,,,,,,,,,,,,,,,
,,,Researching,??u t?,Cho ng??i m?i,Phân tích k? thu?t,vùng quá mua là gì,vùng quá mua là gì,,,,,,,,,,,,,,,,,,,,,,
,,,Researching,??u t?,Cho ng??i m?i,Phân tích k? thu?t,ch? báo parabolic sar,ch? báo parabolic sar,,,,,,,,,,,,,,,,,,,,,,
,,,Researching,??u t?,Cho ng??i m?i,Phân tích k? thu?t,ch? báo adx,ch? báo adx,,,,,,,,,,,,,,,,,,,,,,
,,,Researching,??u t?,Cho ng??i m?i,Phân tích k? thu?t,lý thuy?t dow,lý thuy?t dow,,,,,,,,,,,,,,,,,,,,,,
,,,Researching,??u t?,Cho ng??i m?i,Phân tích k? thu?t,breakout trong ch?ng khoán là gì,breakout trong ch?ng khoán là gì,,,,,,,,,,,,,,,,,,,,,,
,,,Researching,??u t?,Cho ng??i m?i,Phân tích k? thu?t,giao d?ch theo xu h??ng,giao d?ch theo xu h??ng,,,,,,,,,,,,,,,,,,,,,,
,,,Researching,??u t?,Cho ng??i m?i,Phân tích k? thu?t,kênh giá là gì,kênh giá là gì,,,,,,,,,,,,,,,,,,,,,,
,,,Researching,??u t?,Cho ng??i m?i,Phân tích k? thu?t,Bear Trap là gì,Bear Trap là gì,,,,,,,,,,,,,,,,,,,,,,
,,,Researching,??u t?,Cho ng??i m?i,Phân tích k? thu?t,ch? báo know sure thing,ch? báo know sure thing,,,,,,,,,,,,,,,,,,,,,,
,,,Researching,??u t?,Cho ng??i m?i,Phân tích k? thu?t,sách phân tích k? thu?t,sách phân tích k? thu?t,,,,,,,,,,,,,,,,,,,,,,
,,,Researching,??u t?,Cho ng??i m?i,Phân tích k? thu?t,Ch? s? VIX,Ch? s? VIX,,,,,,,,,,,,,,,,,,,,,,
,,,Researching,??u t?,Cho ng??i m?i,Phân tích k? thu?t,zero sum game,zero sum game,,,,,,,,,,,,,,,,,,,,,,
,,,Researching,??u t?,Cho ng??i m?i,Phân tích k? thu?t,S? ki?n bong bóng hoa tulip,S? ki?n bong bóng hoa tulip,,,,,,,,,,,,,,,,,,,,,,
,,,Researching,??u t?,Cho ng??i m?i,Phân tích k? thu?t,cách nhìn dòng ti?n trong ch?ng khoán,cách nhìn dòng ti?n trong ch?ng khoán,,,,,,,,,,,,,,,,,,,,,,
,,,Researching,??u t?,Cho ng??i m?i,Phân tích k? thu?t,??u t? ch?ng khoán dài h?n,??u t? ch?ng khoán dài h?n,,,,,,,,,,,,,,,,,,,,,,
,,,Researching,??u t?,Cho ng??i m?i,Phân tích k? thu?t,??u t? ch?ng khoán ng?n h?n,??u t? ch?ng khoán ng?n h?n,,,,,,,,,,,,,,,,,,,,,,
,,,Researching,??u t?,Cho ng??i m?i,Phân tích k? thu?t,??u t? ch?ng khoán c?a Warren Buffett,??u t? ch?ng khoán c?a Warren Buffett,,,,,,,,,,,,,,,,,,,,,,
,,,Researching,??u t?,Cho ng??i m?i,Phân tích k? thu?t,day trading là gì,day trading là gì,,,,,,,,,,,,,,,,,,,,,,
,,,Researching,??u t?,Cho ng??i m?i,Phân tích k? thu?t,buy the dip là gì,buy the dip là gì,,,,,,,,,,,,,,,,,,,,,,
,,,Researching,??u t?,Cho ng??i m?i,Phân tích k? thu?t,??u t? giá tr? là gì,??u t? giá tr? là gì,,,,,,,,,,,,,,,,,,,,,,
,,,Researching,??u t?,Cho ng??i m?i,Phân tích k? thu?t,quy t?c c?a Richard Rhodes,quy t?c c?a Richard Rhodes,,,,,,,,,,,,,,,,,,,,,,
,,,Researching,??u t?,Cho ng??i m?i,Phân tích k? thu?t,??u t? t?ng tr??ng là gì,??u t? t?ng tr??ng là gì,,,,,,,,,,,,,,,,,,,,,,
,,,Researching,??u t?,Cho ng??i m?i,Phân tích k? thu?t,copy trade là gì,copy trade là gì,,,,,,,,,,,,,,,,,,,,,,
,,1,In Editing,??u t?,Cho ng??i m?i,Ph??ng pháp ??u t?,chi?n l??c ??u t? ch?ng khoán,chi?n l??c ??u t? ch?ng khoán,,,,,,,https://docs.google.com/document/d/1IH9EAxbNrNTFQJwmOF5VeumZemMCBNifjKc5C1IsA7s/edit?tab=t.0,?ã nh?n xét,,,,,,,,,,,,,,
,,,Researching,??u t?,Cho ng??i m?i,Ph??ng pháp ??u t?,??u t? tích s?n c? phi?u là gì,??u t? tích s?n c? phi?u là gì,,,,,,,,,,,,,,,,,,,,,,
,,,Researching,??u t?,Cho ng??i m?i,Ph??ng pháp ??u t?,ph??ng pháp top down,ph??ng pháp top down,,,,,,,,,,,,,,,,,,,,,,
,,,Researching,??u t?,Cho ng??i m?i,Ph??ng pháp ??u t?,ph??ng pháp canslim,ph??ng pháp canslim,,,,,,,,,,,,,,,,,,,,,,
,,,Researching,??u t?,Cho ng??i m?i,Ph??ng pháp ??u t?,sách v? ??u t? giá tr?,sách v? ??u t? giá tr?,,,,,,,,,,,,,,,,,,,,,,
,,,Researching,??u t?,Cho ng??i m?i,Ph??ng pháp ??u t?,??u t? giá tr?,??u t? giá tr?,,,,,,,,,,,,,,,,,,,,,,
,,,Researching,??u t?,Cho ng??i m?i,Ph??ng pháp ??u t?,??u t? t?ng tr??ng là gì,??u t? t?ng tr??ng là gì,,,,,,,,,,,,,,,,,,,,,,
,,,Researching,??u t?,Cho ng??i m?i,Ph??ng pháp ??u t?,Ph??ng pháp Richard Donchian,Ph??ng pháp Richard Donchian,,,,,,,,,,,,,,,,,,,,,,
,,,Researching,??u t?,Cho ng??i m?i,Ph??ng pháp ??u t?,ph??ng pháp ??u t? giá tr? c?a graham benjamin,ph??ng pháp ??u t? giá tr? c?a graham benjamin,,,,,,,,,,,,,,,,,,,,,,
,,,Researching,??u t?,Cho ng??i m?i,Ph??ng pháp ??u t?,??u t? l??t sóng,??u t? l??t sóng,,,,,,,,,,,,,,,,,,,,,,
,,,Researching,??u t?,Cho ng??i m?i,Ph??ng pháp ??u t?,??u t? ng?n h?n,??u t? ng?n h?n,,,,,,,,,,,,,,,,,,,,,,
,,,Researching,??u t?,Cho ng??i m?i,Ph??ng pháp ??u t?,??u t? th? ??ng,??u t? th? ??ng,,,,,,,,,,,,,,,,,,,,,,
,,,Researching,??u t?,Cho ng??i m?i,Ph??ng pháp ??u t?,??u t? ch? ??ng,??u t? ch? ??ng,,,,,,,,,,,,,,,,,,,,,,
,,,Researching,??u t?,Cho ng??i m?i,r?i ro,kh?u v? r?i ro,kh?u v? r?i ro,,,,,,,,,,,,,,,,,,,,,,
,,,Researching,??u t?,Cho ng??i m?i,r?i ro,R?i ro doanh nghi?p trong ??u t? ch?ng khoán là gì,R?i ro doanh nghi?p trong ??u t? ch?ng khoán là gì,,,,,,,,,,,,,,,,,,,,,,
,,,Researching,??u t?,Cho ng??i m?i,r?i ro,??u t? ch?ng khoán có nh?ng r?i ro gì,??u t? ch?ng khoán có nh?ng r?i ro gì,,,,,,,,,,,,,,,,,,,,,,
,,,Researching,??u t?,Cho ng??i m?i,r?i ro,Qu?n tr? r?i ro là gì,Qu?n tr? r?i ro là gì,,,,,,,,,,,,,,,,,,,,,,
,,,In Editing,??u t?,Cho ng??i m?i,Series bài vi?t ch?ng khoán ABC,Ng??i m?i ??u t? ch?ng khoán nên b?t ??u t? ?âu?,Ng??i m?i ??u t? ch?ng khoán nên b?t ??u t? ?âu?,,Ng??i m?i ??u t? ch?ng khoán nên b?t ??u t? ?âu?,"Sinh viên, Nhân viên v?n phòng",How-To Guide (H??ng d?n cách làm),Awareness,,,,,,,,,,,,,,,,,
,,,In Editing,??u t?,Cho ng??i m?i,Series bài vi?t ch?ng khoán ABC,C? phi?u là gì,C? phi?u là gì,,C? phi?u là gì? mua c? phi?u lãi t? ?âu?,"Sinh viên, Nhân viên v?n phòng",How-To Guide (H??ng d?n cách làm),Awareness,,,,,,,,,,,,,,,,,
,,,In Editing,??u t?,Cho ng??i m?i,Series bài vi?t ch?ng khoán ABC,các thành viên trong th? tr??ng ch?ng khoán,các thành viên trong th? tr??ng ch?ng khoán,,Phân bi?t các thành viên trong th? tr??ng ch?ng khoán,"Sinh viên, Nhân viên v?n phòng",How-To Guide (H??ng d?n cách làm),Awareness,,,,,,,,,,,,,,,,,
,,,In Editing,??u t?,Cho ng??i m?i,Series bài vi?t ch?ng khoán ABC,m? tài kho?n ch?ng khoán công ty nào,m? tài kho?n ch?ng khoán công ty nào,,L?a ch?n m? tài kho?n ? công ty ch?ng khoán nào?,"Sinh viên, Nhân viên v?n phòng",How-To Guide (H??ng d?n cách làm),Awareness,,,,,,,,,,,,,,,,,
,,,In Editing,??u t?,Cho ng??i m?i,Series bài vi?t ch?ng khoán ABC,t?o tài kho?n ch?ng khoán,t?o tài kho?n ch?ng khoán,,H??ng d?n t?o tài kho?n ch?ng khoán,"Sinh viên, Nhân viên v?n phòng",How-To Guide (H??ng d?n cách làm),Awareness,,,,,,,,,,,,,,,,,
,,,In Editing,??u t?,Cho ng??i m?i,Series bài vi?t ch?ng khoán ABC,cách ??c b?ng giá ch?ng khoán,cách ??c b?ng giá ch?ng khoán,,H??ng d?n ??c b?ng giá ch?ng khoán,"Sinh viên, Nhân viên v?n phòng",How-To Guide (H??ng d?n cách làm),Awareness,,,,,,,,,,,,,,,,,
,,,In Editing,??u t?,Cho ng??i m?i,Series bài vi?t ch?ng khoán ABC,quy ??nh v? các sàn giao d?ch,quy ??nh v? các sàn giao d?ch,,"Quy ??nh c?a các sàn giao d?ch (Màu s?c, th?i gian, tr?n sàn...)","Sinh viên, Nhân viên v?n phòng",How-To Guide (H??ng d?n cách làm),Awareness,,,,,,,,,,,,,,,,,
,,,In Editing,??u t?,Cho ng??i m?i,Series bài vi?t ch?ng khoán ABC,cách ??t l?nh mua bán c? phi?u,cách ??t l?nh mua bán c? phi?u,,H??ng d?n ??t lênh mua bán c? phi?u và xem lãi l?,"Sinh viên, Nhân viên v?n phòng",How-To Guide (H??ng d?n cách làm),Awareness,,,,,,,,,,,,,,,,,
,,,In Editing,??u t?,Cho ng??i m?i,Series bài vi?t ch?ng khoán ABC,các ch? s?,các ch? s?,,"Gi?i thích các ch? s? VNIndex, VN30, HNX index, Upcom index","Sinh viên, Nhân viên v?n phòng",How-To Guide (H??ng d?n cách làm),Awareness,,,,,,,,,,,,,,,,,
,,,In Editing,??u t?,Cho ng??i m?i,Series bài vi?t ch?ng khoán ABC,Margin,Margin,,T?t t?n t?t v? Margin,"Sinh viên, Nhân viên v?n phòng",How-To Guide (H??ng d?n cách làm),Awareness,,,,,,,,,,,,,,,,,
,,,In Editing,??u t?,Cho ng??i m?i,Series bài vi?t ch?ng khoán ABC,c? phi?u,c? phi?u,,Phân bi?t các lo?i c? phi?u,"Sinh viên, Nhân viên v?n phòng",How-To Guide (H??ng d?n cách làm),Awareness,,,,,,,,,,,,,,,,,
,,,In Editing,??u t?,Cho ng??i m?i,Series bài vi?t phân tích c? b?n,T?i sao dùng phân tích c? b?n trong ??u t? ch?ng khoán,T?i sao dùng phân tích c? b?n trong ??u t? ch?ng khoán,,T?i sao dùng phân tích c? b?n trong ??u t? ch?ng khoán,"Sinh viên, Nhân viên v?n phòng",How-To Guide (H??ng d?n cách làm),Awareness,,,,,,,,,,,,,,,,,
,,,In Editing,??u t?,Cho ng??i m?i,Series bài vi?t phân tích c? b?n,phân tích mô hình kinh doanh,phân tích mô hình kinh doanh,,Phân tích mô hình kinh doanh c?a doanh nghi?p,"Sinh viên, Nhân viên v?n phòng",How-To Guide (H??ng d?n cách làm),Awareness,,,,,,,,,,,,,,,,,
,,,In Editing,??u t?,Cho ng??i m?i,Series bài vi?t phân tích c? b?n,ch? s? P/E,ch? s? P/E,,Ch? s? P/E là gì? Cách s? d?ng trong ch?ng khoán,"Sinh viên, Nhân viên v?n phòng",How-To Guide (H??ng d?n cách làm),Awareness,,,,,,,,,,,,,,,,,
,,,In Editing,??u t?,Cho ng??i m?i,Series bài vi?t phân tích c? b?n,ch? s? P/B,ch? s? P/B,,Ch? s? P/B là gì? Cách s? d?ng trong ch?ng khoán,"Sinh viên, Nhân viên v?n phòng",How-To Guide (H??ng d?n cách làm),Awareness,,,,,,,,,,,,,,,,,
,,,In Editing,??u t?,Cho ng??i m?i,Series bài vi?t phân tích c? b?n,ch? s? ROE,ch? s? ROE,,Ch? s? ROE là gì? và cách s? d?ng,"Sinh viên, Nhân viên v?n phòng",How-To Guide (H??ng d?n cách làm),Awareness,,,,,,,,,,,,,,,,,
,,,In Editing,??u t?,Cho ng??i m?i,Series bài vi?t phân tích c? b?n,ch? s? ROA,ch? s? ROA,,Ch? s? ROA là gì? và cách s? d?ng,"Sinh viên, Nhân viên v?n phòng",How-To Guide (H??ng d?n cách làm),Awareness,,,,,,,,,,,,,,,,,
,,,In Editing,??u t?,Cho ng??i m?i,Series bài vi?t phân tích c? b?n,ch? s? biên l?i nhu?n,ch? s? biên l?i nhu?n,,Ch? s? biên l?i nhu?n ph?n ánh gì khi phân tích doanh nghi?p,"Sinh viên, Nhân viên v?n phòng",How-To Guide (H??ng d?n cách làm),Awareness,,,,,,,,,,,,,,,,,
,,,In Editing,??u t?,Cho ng??i m?i,Series bài vi?t phân tích c? b?n,ch? s? D/E,ch? s? D/E,,Ch? s? D/E là gì? và cách s? d?ng trong ch?ng khoán,"Sinh viên, Nhân viên v?n phòng",How-To Guide (H??ng d?n cách làm),Awareness,,,,,,,,,,,,,,,,,
,,,In Editing,??u t?,Cho ng??i m?i,Series bài vi?t phân tích c? b?n,??u t? giá tr? và ??u t? t?ng tr??ng,??u t? giá tr? và ??u t? t?ng tr??ng,,Phân bi?t gi?a ??u t? giá tr? & ??u t? t?ng tr??ng,"Sinh viên, Nhân viên v?n phòng",How-To Guide (H??ng d?n cách làm),Awareness,,,,,,,,,,,,,,,,,
,,,In Editing,??u t?,Cho ng??i m?i,Series bài vi?t phân tích c? b?n,cách tìm ki?m các tài li?u doanh nghi?p,cách tìm ki?m các tài li?u doanh nghi?p,,"H??ng d?n tìm ki?m các tài li?u doanh nghi?p: Báo cáo th??ng niên, b?n cáo b?ch, BCTC, ngh? quy?t, website cty,... n?i dung các bc cung c?p.","Sinh viên, Nhân viên v?n phòng",How-To Guide (H??ng d?n cách làm),Awareness,,,,,,,,,,,,,,,,,
,,,In Editing,??u t?,Cho ng??i m?i,Series bài vi?t phân tích k? thu?t,T?i sao dùng phân tích k? thu?t trong ??u t? ch?ng khoán,T?i sao dùng phân tích k? thu?t trong ??u t? ch?ng khoán,,T?i sao dùng phân tích k? thu?t trong ??u t? ch?ng khoán,"Sinh viên, Nhân viên v?n phòng",How-To Guide (H??ng d?n cách làm),Awareness,,,,,,,,,,,,,,,,,
,,,In Editing,??u t?,Cho ng??i m?i,Series bài vi?t phân tích k? thu?t,n?n nh?t là gì,n?n nh?t là gì,,"N?n nh?t là gì, các d?ng n?n nh?t và cách s? d?ng P1","Sinh viên, Nhân viên v?n phòng",How-To Guide (H??ng d?n cách làm),Awareness,,,,,,,,,,,,,,,,,
,,,In Editing,??u t?,Cho ng??i m?i,Series bài vi?t phân tích k? thu?t,"kháng c?, h? tr?, trendline","kháng c?, h? tr?, trendline",,"Kháng c?, h? tr? và trendline áp d?ng trong ch?ng khoán","Sinh viên, Nhân viên v?n phòng",How-To Guide (H??ng d?n cách làm),Awareness,,,,,,,,,,,,,,,,,
,,,In Editing,??u t?,Cho ng??i m?i,Series bài vi?t phân tích k? thu?t,???ng MA,???ng MA,,H??ng d?n s? d?ng các ???ng MA trong giao d?ch,"Sinh viên, Nhân viên v?n phòng",How-To Guide (H??ng d?n cách làm),Awareness,,,,,,,,,,,,,,,,,
,,,In Editing,??u t?,Cho ng??i m?i,Series bài vi?t phân tích k? thu?t,d?i bollinger band,d?i bollinger band,,H??ng d?n chi ti?t s? d?ng bollinger band,"Sinh viên, Nhân viên v?n phòng",How-To Guide (H??ng d?n cách làm),Awareness,,,,,,,,,,,,,,,,,
,,,In Editing,??u t?,Cho ng??i m?i,Series bài vi?t phân tích k? thu?t,MACD,MACD,,Giao d?ch ch?ng khoán ??n gi?n v?i MACD,"Sinh viên, Nhân viên v?n phòng",How-To Guide (H??ng d?n cách làm),Awareness,,,,,,,,,,,,,,,,,
,,,In Editing,??u t?,Cho ng??i m?i,Series bài vi?t phân tích k? thu?t,RSI,RSI,,Giao d?ch ch?ng khoán ??n gi?n v?i RSI,"Sinh viên, Nhân viên v?n phòng",How-To Guide (H??ng d?n cách làm),Awareness,,,,,,,,,,,,,,,,,
,,,In Editing,??u t?,Cho ng??i m?i,Series bài vi?t phân tích k? thu?t,Fibonacci,Fibonacci,,H??ng d?n s? d?ng Fibonacci,"Sinh viên, Nhân viên v?n phòng",How-To Guide (H??ng d?n cách làm),Awareness,,,,,,,,,,,,,,,,,
,,2,Researching,??u t?,Cho ng??i m?i,Tài kho?n ch?ng khoán,Nên m? tài kho?n ch?ng khoán ? ?âu,Nên m? tài kho?n ch?ng khoán ? ?âu,,,,,,,,,,,,,,,,,,,,,,
,,2,Researching,??u t?,Cho ng??i m?i,Tài kho?n ch?ng khoán,m? tài kho?n ch?ng khoán có m?t phí không?,m? tài kho?n ch?ng khoán có m?t phí không?,,,,,,,,,,,,,,,,,,,,,,
,,2,Researching,??u t?,Cho ng??i m?i,Tài kho?n ch?ng khoán,cách m? tài kho?n ch?ng khoán,cách m? tài kho?n ch?ng khoán,,,,,,,,,,,,,,,,,,,,,,
,,2,Researching,??u t?,Cho ng??i m?i,Tài kho?n ch?ng khoán,các lo?i tài kho?n ch?ng khoán,các lo?i tài kho?n ch?ng khoán,,,,,,,,,,,,,,,,,,,,,,
,,2,Researching,??u t?,Cho ng??i m?i,Tài kho?n ch?ng khoán,m? tài kho?n ch?ng khoán online có an toàn không,m? tài kho?n ch?ng khoán online có an toàn không,,,,,,,,,,,,,,,,,,,,,,
,,2,Researching,??u t?,Cho ng??i m?i,Tài kho?n ch?ng khoán,h?p ??ng m? tài kho?n ch?ng khoán,h?p ??ng m? tài kho?n ch?ng khoán,,,,,,,,,,,,,,,,,,,,,,
,,2,Researching,??u t?,Cho ng??i m?i,Tài kho?n ch?ng khoán,M?t ng??i ???c m? bao nhiêu tài kho?n ch?ng khoán,M?t ng??i ???c m? bao nhiêu tài kho?n ch?ng khoán,,,,,,,,,,,,,,,,,,,,,,
,,,Researching,??u t?,Cho ng??i m?i,Tài kho?n ch?ng khoán,cháy tài kho?n ch?ng khoán là gì,cháy tài kho?n ch?ng khoán là gì,,,,,,,,,,,,,,,,,,,,,,
,,,Researching,??u t?,Cho ng??i m?i,tài li?u,sách v? tài chính,sách v? tài chính,,,Sinh viên,Listicle (Bài vi?t d?ng danh sách),Awareness,,,,,,,,,,,,,,,,,
,,,Researching,??u t?,Cho ng??i m?i,tài li?u,sách v? ch?ng khoán c?a warren buffett,sách v? ch?ng khoán c?a warren buffett,,,"Sinh viên, Nhân viên v?n phòng",Listicle (Bài vi?t d?ng danh sách),Awareness,,,,,,,,,,,,,,,,,
,,1,Researching,??u t?,Cho ng??i m?i,tài li?u,giáo trình phân tích báo cáo tài chính,giáo trình phân tích báo cáo tài chính,,,Sinh viên,Listicle (Bài vi?t d?ng danh sách),Awareness,,,,,,,,,,,,,,,,,
,,1,In Editing,??u t?,Cho ng??i m?i,tài li?u,sách ch?ng khoán,sách ch?ng khoán,,,"Sinh viên, Nhân viên v?n phòng",Listicle (Bài vi?t d?ng danh sách),Awareness,,,,,,,,,,,,,,,,,
,,1,Researching,??u t?,Cho ng??i m?i,tài li?u,sách phân tích k? thu?t ch?ng khoán,sách phân tích k? thu?t ch?ng khoán,,,"Sinh viên, Nhân viên v?n phòng",Listicle (Bài vi?t d?ng danh sách),Awareness,,,,,,,,,,,,,,,,,
,,,Researching,??u t?,Cho ng??i m?i,Trái phi?u,bond yield là gì,bond yield là gì,,,,,,,,,,,,,,,,,,,,,,
,,,Researching,??u t?,Cho ng??i m?i,Trái phi?u,có nên ??u t? trái phi?u,có nên ??u t? trái phi?u,,,,,,,,,,,,,,,,,,,,,,
,,,Researching,??u t?,Cho ng??i m?i,Trái phi?u,Trái phi?u chính ph? là gì,Trái phi?u chính ph? là gì,,,,,,,,,,,,,,,,,,,,,,
,,,Researching,??u t?,Cho ng??i m?i,Trái phi?u,trái phi?u là gì,trái phi?u là gì,,,,,,,,,,,,,,,,,,,,,,
,,,Researching,??u t?,Cho ng??i m?i,Trái phi?u,Trái phi?u chuy?n ??i là gì,Trái phi?u chuy?n ??i là gì,,,,,,,,,,,,,,,,,,,,,,
,,,Researching,??u t?,Cho ng??i m?i,Trái phi?u,Trái phi?u doanh nghi?p là gì,Trái phi?u doanh nghi?p là gì,,,,,,,,,,,,,,,,,,,,,,
,,,Researching,??u t?,Cho ng??i m?i,Trái phi?u,Trái phi?u ngân hàng là gì,Trái phi?u ngân hàng là gì,,,,,,,,,,,,,,,,,,,,,,
